File,pi_record_no,persistent_puid,field,place,same as,part of,gvp:placeTypePreferred_label,gvp:placeTypePreferred_aat_term
collapsed_belgian-places-preferred-places-types.csv,4801,BELGIANSALES-4801,prev_own_auth_L_1,Milan,tgn/7005903,,inhabited places,http://vocab.getty.edu/aat/300008347
collapsed_belgian-places-preferred-places-types.csv,19147,BELGIANSALES-19147,prev_own_auth_L_1,Antwerp,tgn/7007856,,inhabited places,http://vocab.getty.edu/aat/300008347
collapsed_belgian-places-preferred-places-types.csv,33574,BELGIANSALES-33574,prev_own_auth_L_1,Antwerp,tgn/7007856,,inhabited places,http://vocab.getty.edu/aat/300008347
collapsed_belgian-places-preferred-places-types.csv,35480,BELGIANSALES-35480,prev_own_auth_L_1,Brussels,tgn/7007868,,inhabited places,http://vocab.getty.edu/aat/300008347
collapsed_belgian-places-preferred-places-types.csv,35618,BELGIANSALES-35618,prev_own_auth_L_1,Antwerp,tgn/7007856,,inhabited places,http://vocab.getty.edu/aat/300008347
collapsed_belgian-places-preferred-places-types.csv,41005,BELGIANSALES-41005,prev_own_auth_L_1,Brussels,tgn/7007868,,inhabited places,http://vocab.getty.edu/aat/300008347
collapsed_belgian-places-preferred-places-types.csv,41006,BELGIANSALES-41006,prev_own_auth_L_1,Brussels,tgn/7007868,,inhabited places,http://vocab.getty.edu/aat/300008347
collapsed_belgian-places-preferred-places-types.csv,41007,BELGIANSALES-41007,prev_own_auth_L_1,Brussels,tgn/7007868,,inhabited places,http://vocab.getty.edu/aat/300008347
collapsed_belgian-places-preferred-places-types.csv,41008,BELGIANSALES-41008,prev_own_auth_L_1,Brussels,tgn/7007868,,inhabited places,http://vocab.getty.edu/aat/300008347
collapsed_belgian-places-preferred-places-types.csv,41102,BELGIANSALES-41102,prev_own_auth_L_1,Antwerp,tgn/7007856,,inhabited places,http://vocab.getty.edu/aat/300008347
collapsed_belgian-places-preferred-places-types.csv,41103,BELGIANSALES-41103,prev_own_auth_L_1,Antwerp,tgn/7007856,,inhabited places,http://vocab.getty.edu/aat/300008347
collapsed_belgian-places-preferred-places-types.csv,41104,BELGIANSALES-41104,prev_own_auth_L_1,Antwerp,tgn/7007856,,inhabited places,http://vocab.getty.edu/aat/300008347
collapsed_belgian-places-preferred-places-types.csv,41105,BELGIANSALES-41105,prev_own_auth_L_1,Antwerp,tgn/7007856,,inhabited places,http://vocab.getty.edu/aat/300008347
collapsed_belgian-places-preferred-places-types.csv,41106,BELGIANSALES-41106,prev_own_auth_L_1,Antwerp,tgn/7007856,,inhabited places,http://vocab.getty.edu/aat/300008347
collapsed_belgian-places-preferred-places-types.csv,41107,BELGIANSALES-41107,prev_own_auth_L_1,Antwerp,tgn/7007856,,inhabited places,http://vocab.getty.edu/aat/300008347
collapsed_belgian-places-preferred-places-types.csv,41108,BELGIANSALES-41108,prev_own_auth_L_1,Antwerp,tgn/7007856,,inhabited places,http://vocab.getty.edu/aat/300008347
collapsed_belgian-places-preferred-places-types.csv,41109,BELGIANSALES-41109,prev_own_auth_L_1,Antwerp,tgn/7007856,,inhabited places,http://vocab.getty.edu/aat/300008347
collapsed_belgian-places-preferred-places-types.csv,41110,BELGIANSALES-41110,prev_own_auth_L_1,Antwerp,tgn/7007856,,inhabited places,http://vocab.getty.edu/aat/300008347
collapsed_belgian-places-preferred-places-types.csv,41111,BELGIANSALES-41111,prev_own_auth_L_1,Antwerp,tgn/7007856,,inhabited places,http://vocab.getty.edu/aat/300008347
collapsed_belgian-places-preferred-places-types.csv,41112,BELGIANSALES-41112,prev_own_auth_L_1,Antwerp,tgn/7007856,,inhabited places,http://vocab.getty.edu/aat/300008347
collapsed_belgian-places-preferred-places-types.csv,41113,BELGIANSALES-41113,prev_own_auth_L_1,Antwerp,tgn/7007856,,inhabited places,http://vocab.getty.edu/aat/300008347
collapsed_belgian-places-preferred-places-types.csv,41114,BELGIANSALES-41114,prev_own_auth_L_1,Antwerp,tgn/7007856,,inhabited places,http://vocab.getty.edu/aat/300008347
collapsed_belgian-places-preferred-places-types.csv,43081,BELGIANSALES-43081,prev_own_auth_L_1,Brussels,tgn/7007868,,inhabited places,http://vocab.getty.edu/aat/300008347
collapsed_belgian-places-preferred-places-types.csv,43168,BELGIANSALES-43168,prev_own_auth_L_1,Brussels,tgn/7007868,,inhabited places,http://vocab.getty.edu/aat/300008347
collapsed_belgian-places-preferred-places-types.csv,43173,BELGIANSALES-43173,prev_own_auth_L_1,Brussels,tgn/7007868,,inhabited places,http://vocab.getty.edu/aat/300008347
collapsed_belgian-places-preferred-places-types.csv,43191,BELGIANSALES-43191,prev_own_auth_L_1,Brussels,tgn/7007868,,inhabited places,http://vocab.getty.edu/aat/300008347
collapsed_belgian-places-preferred-places-types.csv,64928,BELGIANSALES-64928,prev_own_auth_L_1,Bruges,tgn/7007867,,inhabited places,http://vocab.getty.edu/aat/300008347
collapsed_belgian-places-preferred-places-types.csv,20416,BELGIANSALES-20416,post_own_auth_L_1,Cologne,tgn/7004446,,inhabited places,http://vocab.getty.edu/aat/300008347
collapsed_belgian-places-preferred-places-types.csv,24171,BELGIANSALES-24171,post_own_auth_L_1,New York,tgn/7007567,,inhabited places,http://vocab.getty.edu/aat/300008347
collapsed_belgian-places-preferred-places-types.csv,26230,BELGIANSALES-26230,post_own_auth_L_1,Amsterdam,tgn/7006952,,inhabited places,http://vocab.getty.edu/aat/300008347
collapsed_belgian-places-preferred-places-types.csv,28373,BELGIANSALES-28373,post_own_auth_L_1,Liège,tgn/7007945,,inhabited places,http://vocab.getty.edu/aat/300008347
collapsed_belgian-places-preferred-places-types.csv,32852,BELGIANSALES-32852,post_own_auth_L_1,New York,tgn/7007567,,inhabited places,http://vocab.getty.edu/aat/300008347
collapsed_belgian-places-preferred-places-types.csv,34166,BELGIANSALES-34166,post_own_auth_L_1,Milwaukee,tgn/7014071,,inhabited places,http://vocab.getty.edu/aat/300008347
collapsed_belgian-places-preferred-places-types.csv,40066,BELGIANSALES-40066,post_own_auth_L_1,Brussels,tgn/7007868,,inhabited places,http://vocab.getty.edu/aat/300008347
collapsed_belgian-places-preferred-places-types.csv,61161,BELGIANSALES-61161,post_own_auth_L_1,New York,tgn/7007567,,inhabited places,http://vocab.getty.edu/aat/300008347
collapsed_belgian-places-preferred-places-types.csv,69046,BELGIANSALES-69046,post_own_auth_L_1,London,tgn/7011781,,inhabited places,http://vocab.getty.edu/aat/300008347
collapsed_belgian-places-preferred-places-types.csv,69078,BELGIANSALES-69078,post_own_auth_L_1,Paris,tgn/7008038,,inhabited places,http://vocab.getty.edu/aat/300008347
collapsed_belgian-places-preferred-places-types.csv,69422,BELGIANSALES-69422,post_own_auth_L_1,New York,tgn/7007567,,inhabited places,http://vocab.getty.edu/aat/300008347
collapsed_belgian-places-preferred-places-types.csv,70890,BELGIANSALES-70890,post_own_auth_L_1,London,tgn/7011781,,inhabited places,http://vocab.getty.edu/aat/300008347
collapsed_belgian-places-preferred-places-types.csv,74798,BELGIANSALES-74798,post_own_auth_L_1,Milwaukee,tgn/7014071,,inhabited places,http://vocab.getty.edu/aat/300008347
collapsed_belgian-places-preferred-places-types.csv,75594,BELGIANSALES-75594,post_own_auth_L_1,New York,tgn/7007567,,inhabited places,http://vocab.getty.edu/aat/300008347
collapsed_belgian-places-preferred-places-types.csv,78323,BELGIANSALES-78323,post_own_auth_L_1,Riversdale,,tgn/7007516,states (political divisions),http://vocab.getty.edu/aat/300000776
collapsed_belgian-places-preferred-places-types.csv,1233,BELGIANSALES-1233,pres_loc_geog_1,Oberlin,tgn/7014255,,inhabited places,http://vocab.getty.edu/aat/300008347
collapsed_belgian-places-preferred-places-types.csv,1297,BELGIANSALES-1297,pres_loc_geog_1,Amsterdam,tgn/7006952,,inhabited places,http://vocab.getty.edu/aat/300008347
collapsed_belgian-places-preferred-places-types.csv,1954,BELGIANSALES-1954,pres_loc_geog_1,London,tgn/7011781,,inhabited places,http://vocab.getty.edu/aat/300008347
collapsed_belgian-places-preferred-places-types.csv,1956,BELGIANSALES-1956,pres_loc_geog_1,London,tgn/7011781,,inhabited places,http://vocab.getty.edu/aat/300008347
collapsed_belgian-places-preferred-places-types.csv,2141,BELGIANSALES-2141,pres_loc_geog_1,Frankfurt am Main,tgn/7005293,,inhabited places,http://vocab.getty.edu/aat/300008347
collapsed_belgian-places-preferred-places-types.csv,3565,BELGIANSALES-3565,pres_loc_geog_1,Geneva,tgn/7007279,,inhabited places,http://vocab.getty.edu/aat/300008347
collapsed_belgian-places-preferred-places-types.csv,3935,BELGIANSALES-3935,pres_loc_geog_1,Raleigh,tgn/7013949,,inhabited places,http://vocab.getty.edu/aat/300008347
collapsed_belgian-places-preferred-places-types.csv,4798,BELGIANSALES-4798,pres_loc_geog_1,Paris,tgn/7008038,,inhabited places,http://vocab.getty.edu/aat/300008347
collapsed_belgian-places-preferred-places-types.csv,4954,BELGIANSALES-4954,pres_loc_geog_1,Potsdam,tgn/7004463,,inhabited places,http://vocab.getty.edu/aat/300008347
collapsed_belgian-places-preferred-places-types.csv,5401,BELGIANSALES-5401,pres_loc_geog_1,Saint Petersburg,tgn/7010273,,inhabited places,http://vocab.getty.edu/aat/300008347
collapsed_belgian-places-preferred-places-types.csv,5650,BELGIANSALES-5650,pres_loc_geog_1,Raleigh,tgn/7013949,,inhabited places,http://vocab.getty.edu/aat/300008347
collapsed_belgian-places-preferred-places-types.csv,6026,BELGIANSALES-6026,pres_loc_geog_1,New York,tgn/7007567,,inhabited places,http://vocab.getty.edu/aat/300008347
collapsed_belgian-places-preferred-places-types.csv,6046,BELGIANSALES-6046,pres_loc_geog_1,Raleigh,tgn/7013949,,inhabited places,http://vocab.getty.edu/aat/300008347
collapsed_belgian-places-preferred-places-types.csv,6610,BELGIANSALES-6610,pres_loc_geog_1,"Hague, The",tgn/7006810,,inhabited places,http://vocab.getty.edu/aat/300008347
collapsed_belgian-places-preferred-places-types.csv,6611,BELGIANSALES-6611,pres_loc_geog_1,"Hague, The",tgn/7006810,,inhabited places,http://vocab.getty.edu/aat/300008347
collapsed_belgian-places-preferred-places-types.csv,6681,BELGIANSALES-6681,pres_loc_geog_1,Mainz,tgn/7004449,,inhabited places,http://vocab.getty.edu/aat/300008347
collapsed_belgian-places-preferred-places-types.csv,6705,BELGIANSALES-6705,pres_loc_geog_1,Paris,tgn/7008038,,inhabited places,http://vocab.getty.edu/aat/300008347
collapsed_belgian-places-preferred-places-types.csv,6994,BELGIANSALES-6994,pres_loc_geog_1,London,tgn/7011781,,inhabited places,http://vocab.getty.edu/aat/300008347
collapsed_belgian-places-preferred-places-types.csv,7314,BELGIANSALES-7314,pres_loc_geog_1,Paris,tgn/7008038,,inhabited places,http://vocab.getty.edu/aat/300008347
collapsed_belgian-places-preferred-places-types.csv,7315,BELGIANSALES-7315,pres_loc_geog_1,Paris,tgn/7008038,,inhabited places,http://vocab.getty.edu/aat/300008347
collapsed_belgian-places-preferred-places-types.csv,7324,BELGIANSALES-7324,pres_loc_geog_1,New York,tgn/7007567,,inhabited places,http://vocab.getty.edu/aat/300008347
collapsed_belgian-places-preferred-places-types.csv,7327,BELGIANSALES-7327,pres_loc_geog_1,Cambridge,tgn/7010874,,inhabited places,http://vocab.getty.edu/aat/300008347
collapsed_belgian-places-preferred-places-types.csv,7354,BELGIANSALES-7354,pres_loc_geog_1,Paris,tgn/7008038,,inhabited places,http://vocab.getty.edu/aat/300008347
collapsed_belgian-places-preferred-places-types.csv,7395,BELGIANSALES-7395,pres_loc_geog_1,Salzburg,tgn/7003256,,inhabited places,http://vocab.getty.edu/aat/300008347
collapsed_belgian-places-preferred-places-types.csv,7422,BELGIANSALES-7422,pres_loc_geog_1,"Hague, The",tgn/7006810,,inhabited places,http://vocab.getty.edu/aat/300008347
collapsed_belgian-places-preferred-places-types.csv,7428,BELGIANSALES-7428,pres_loc_geog_1,"Hague, The",tgn/7006810,,inhabited places,http://vocab.getty.edu/aat/300008347
collapsed_belgian-places-preferred-places-types.csv,7436,BELGIANSALES-7436,pres_loc_geog_1,"Hague, The",tgn/7006810,,inhabited places,http://vocab.getty.edu/aat/300008347
collapsed_belgian-places-preferred-places-types.csv,7453,BELGIANSALES-7453,pres_loc_geog_1,"Hague, The",tgn/7006810,,inhabited places,http://vocab.getty.edu/aat/300008347
collapsed_belgian-places-preferred-places-types.csv,7660,BELGIANSALES-7660,pres_loc_geog_1,Rennes,tgn/7008263,,inhabited places,http://vocab.getty.edu/aat/300008347
collapsed_belgian-places-preferred-places-types.csv,8101,BELGIANSALES-8101,pres_loc_geog_1,Saint Petersburg,tgn/7010273,,inhabited places,http://vocab.getty.edu/aat/300008347
collapsed_belgian-places-preferred-places-types.csv,9204,BELGIANSALES-9204,pres_loc_geog_1,Raleigh,tgn/7013949,,inhabited places,http://vocab.getty.edu/aat/300008347
collapsed_belgian-places-preferred-places-types.csv,10011,BELGIANSALES-10011,pres_loc_geog_1,Strasbourg,tgn/7012346,,inhabited places,http://vocab.getty.edu/aat/300008347
collapsed_belgian-places-preferred-places-types.csv,10017,BELGIANSALES-10017,pres_loc_geog_1,London,tgn/7011781,,inhabited places,http://vocab.getty.edu/aat/300008347
collapsed_belgian-places-preferred-places-types.csv,10452,BELGIANSALES-10452,pres_loc_geog_1,Chartres,tgn/7008267,,inhabited places,http://vocab.getty.edu/aat/300008347
collapsed_belgian-places-preferred-places-types.csv,10453,BELGIANSALES-10453,pres_loc_geog_1,Chartres,tgn/7008267,,inhabited places,http://vocab.getty.edu/aat/300008347
collapsed_belgian-places-preferred-places-types.csv,10455,BELGIANSALES-10455,pres_loc_geog_1,Chartres,tgn/7008267,,inhabited places,http://vocab.getty.edu/aat/300008347
collapsed_belgian-places-preferred-places-types.csv,10456,BELGIANSALES-10456,pres_loc_geog_1,Chartres,tgn/7008267,,inhabited places,http://vocab.getty.edu/aat/300008347
collapsed_belgian-places-preferred-places-types.csv,10603,BELGIANSALES-10603,pres_loc_geog_1,Amsterdam,tgn/7006952,,inhabited places,http://vocab.getty.edu/aat/300008347
collapsed_belgian-places-preferred-places-types.csv,10762,BELGIANSALES-10762,pres_loc_geog_1,Saint Petersburg,tgn/7010273,,inhabited places,http://vocab.getty.edu/aat/300008347
collapsed_belgian-places-preferred-places-types.csv,10763,BELGIANSALES-10763,pres_loc_geog_1,Saint Petersburg,tgn/7010273,,inhabited places,http://vocab.getty.edu/aat/300008347
collapsed_belgian-places-preferred-places-types.csv,11120,BELGIANSALES-11120,pres_loc_geog_1,Paris,tgn/7008038,,inhabited places,http://vocab.getty.edu/aat/300008347
collapsed_belgian-places-preferred-places-types.csv,11525,BELGIANSALES-11525,pres_loc_geog_1,Raleigh,tgn/7013949,,inhabited places,http://vocab.getty.edu/aat/300008347
collapsed_belgian-places-preferred-places-types.csv,11533,BELGIANSALES-11533,pres_loc_geog_1,Pasadena,tgn/7014389,,inhabited places,http://vocab.getty.edu/aat/300008347
collapsed_belgian-places-preferred-places-types.csv,11698,BELGIANSALES-11698,pres_loc_geog_1,"Hague, The",tgn/7006810,,inhabited places,http://vocab.getty.edu/aat/300008347
collapsed_belgian-places-preferred-places-types.csv,11908,BELGIANSALES-11908,pres_loc_geog_1,New York,tgn/7007567,,inhabited places,http://vocab.getty.edu/aat/300008347
collapsed_belgian-places-preferred-places-types.csv,12101,BELGIANSALES-12101,pres_loc_geog_1,Haarlem,tgn/7007048,,inhabited places,http://vocab.getty.edu/aat/300008347
collapsed_belgian-places-preferred-places-types.csv,12330,BELGIANSALES-12330,pres_loc_geog_1,London,tgn/7011781,,inhabited places,http://vocab.getty.edu/aat/300008347
collapsed_belgian-places-preferred-places-types.csv,13728,BELGIANSALES-13728,pres_loc_geog_1,Nantes,tgn/7008482,,inhabited places,http://vocab.getty.edu/aat/300008347
collapsed_belgian-places-preferred-places-types.csv,13754,BELGIANSALES-13754,pres_loc_geog_1,Brussels,tgn/7007868,,inhabited places,http://vocab.getty.edu/aat/300008347
collapsed_belgian-places-preferred-places-types.csv,14060,BELGIANSALES-14060,pres_loc_geog_1,Paris,tgn/7008038,,inhabited places,http://vocab.getty.edu/aat/300008347
collapsed_belgian-places-preferred-places-types.csv,14256,BELGIANSALES-14256,pres_loc_geog_1,Raleigh,tgn/7013949,,inhabited places,http://vocab.getty.edu/aat/300008347
collapsed_belgian-places-preferred-places-types.csv,14259,BELGIANSALES-14259,pres_loc_geog_1,Paris,tgn/7008038,,inhabited places,http://vocab.getty.edu/aat/300008347
collapsed_belgian-places-preferred-places-types.csv,15156,BELGIANSALES-15156,pres_loc_geog_1,Antwerp,tgn/7007856,,inhabited places,http://vocab.getty.edu/aat/300008347
collapsed_belgian-places-preferred-places-types.csv,15362,BELGIANSALES-15362,pres_loc_geog_1,London,tgn/7011781,,inhabited places,http://vocab.getty.edu/aat/300008347
collapsed_belgian-places-preferred-places-types.csv,15434,BELGIANSALES-15434,pres_loc_geog_1,Salzburg,tgn/7003256,,inhabited places,http://vocab.getty.edu/aat/300008347
collapsed_belgian-places-preferred-places-types.csv,16140,BELGIANSALES-16140,pres_loc_geog_1,Gotha,tgn/7005938,,inhabited places,http://vocab.getty.edu/aat/300008347
collapsed_belgian-places-preferred-places-types.csv,16331,BELGIANSALES-16331,pres_loc_geog_1,Leipzig,tgn/7012329,,inhabited places,http://vocab.getty.edu/aat/300008347
collapsed_belgian-places-preferred-places-types.csv,16735,BELGIANSALES-16735,pres_loc_geog_1,Walzburg,,tgn/1000062,nations,http://vocab.getty.edu/aat/300128207
collapsed_belgian-places-preferred-places-types.csv,16940,BELGIANSALES-16940,pres_loc_geog_1,Bruges,tgn/7007867,,inhabited places,http://vocab.getty.edu/aat/300008347
collapsed_belgian-places-preferred-places-types.csv,17635,BELGIANSALES-17635,pres_loc_geog_1,Ajaccio,tgn/7008351,,inhabited places,http://vocab.getty.edu/aat/300008347
collapsed_belgian-places-preferred-places-types.csv,17905,BELGIANSALES-17905,pres_loc_geog_1,Oxford,tgn/7011931,,inhabited places,http://vocab.getty.edu/aat/300008347
collapsed_belgian-places-preferred-places-types.csv,17906,BELGIANSALES-17906,pres_loc_geog_1,Rotterdam,tgn/7006792,,inhabited places,http://vocab.getty.edu/aat/300008347
collapsed_belgian-places-preferred-places-types.csv,17909,BELGIANSALES-17909,pres_loc_geog_1,London,tgn/7011781,,inhabited places,http://vocab.getty.edu/aat/300008347
collapsed_belgian-places-preferred-places-types.csv,17910,BELGIANSALES-17910,pres_loc_geog_1,Oxford,tgn/7011931,,inhabited places,http://vocab.getty.edu/aat/300008347
collapsed_belgian-places-preferred-places-types.csv,17914,BELGIANSALES-17914,pres_loc_geog_1,Boston,tgn/7013445,,inhabited places,http://vocab.getty.edu/aat/300008347
collapsed_belgian-places-preferred-places-types.csv,18033,BELGIANSALES-18033,pres_loc_geog_1,Dordrecht,tgn/7006798,,inhabited places,http://vocab.getty.edu/aat/300008347
collapsed_belgian-places-preferred-places-types.csv,18743,BELGIANSALES-18743,pres_loc_geog_1,Courtrai,tgn/7007934,,inhabited places,http://vocab.getty.edu/aat/300008347
collapsed_belgian-places-preferred-places-types.csv,20438,BELGIANSALES-20438,pres_loc_geog_1,"Hague, The",tgn/7006810,,inhabited places,http://vocab.getty.edu/aat/300008347
collapsed_belgian-places-preferred-places-types.csv,20440,BELGIANSALES-20440,pres_loc_geog_1,Düsseldorf,tgn/7004443,,inhabited places,http://vocab.getty.edu/aat/300008347
collapsed_belgian-places-preferred-places-types.csv,22684,BELGIANSALES-22684,pres_loc_geog_1,Monclar-d'Agenais,tgn/7622413,,inhabited places,http://vocab.getty.edu/aat/300008347
collapsed_belgian-places-preferred-places-types.csv,22947,BELGIANSALES-22947,pres_loc_geog_1,London,tgn/7011781,,inhabited places,http://vocab.getty.edu/aat/300008347
collapsed_belgian-places-preferred-places-types.csv,22948,BELGIANSALES-22948,pres_loc_geog_1,London,tgn/7011781,,inhabited places,http://vocab.getty.edu/aat/300008347
collapsed_belgian-places-preferred-places-types.csv,22949,BELGIANSALES-22949,pres_loc_geog_1,London,tgn/7011781,,inhabited places,http://vocab.getty.edu/aat/300008347
collapsed_belgian-places-preferred-places-types.csv,23016,BELGIANSALES-23016,pres_loc_geog_1,Brussels,tgn/7007868,,inhabited places,http://vocab.getty.edu/aat/300008347
collapsed_belgian-places-preferred-places-types.csv,23258,BELGIANSALES-23258,pres_loc_geog_1,Lille,tgn/7008461,,inhabited places,http://vocab.getty.edu/aat/300008347
collapsed_belgian-places-preferred-places-types.csv,23557,BELGIANSALES-23557,pres_loc_geog_1,Dordrecht,tgn/7006798,,inhabited places,http://vocab.getty.edu/aat/300008347
collapsed_belgian-places-preferred-places-types.csv,23677,BELGIANSALES-23677,pres_loc_geog_1,Antwerp,tgn/7007856,,inhabited places,http://vocab.getty.edu/aat/300008347
collapsed_belgian-places-preferred-places-types.csv,24180,BELGIANSALES-24180,pres_loc_geog_1,Moscow,tgn/7012974,,inhabited places,http://vocab.getty.edu/aat/300008347
collapsed_belgian-places-preferred-places-types.csv,24308,BELGIANSALES-24308,pres_loc_geog_1,Paris,tgn/7008038,,inhabited places,http://vocab.getty.edu/aat/300008347
collapsed_belgian-places-preferred-places-types.csv,25380,BELGIANSALES-25380,pres_loc_geog_1,Rouen,tgn/7008929,,inhabited places,http://vocab.getty.edu/aat/300008347
collapsed_belgian-places-preferred-places-types.csv,25459,BELGIANSALES-25459,pres_loc_geog_1,Strasbourg,tgn/7012346,,inhabited places,http://vocab.getty.edu/aat/300008347
collapsed_belgian-places-preferred-places-types.csv,27341,BELGIANSALES-27341,pres_loc_geog_1,Copenhagen,tgn/7003474,,inhabited places,http://vocab.getty.edu/aat/300008347
collapsed_belgian-places-preferred-places-types.csv,27345,BELGIANSALES-27345,pres_loc_geog_1,Copenhagen,tgn/7003474,,inhabited places,http://vocab.getty.edu/aat/300008347
collapsed_belgian-places-preferred-places-types.csv,27359,BELGIANSALES-27359,pres_loc_geog_1,Salzburg,tgn/7003256,,inhabited places,http://vocab.getty.edu/aat/300008347
collapsed_belgian-places-preferred-places-types.csv,27362,BELGIANSALES-27362,pres_loc_geog_1,Brussels,tgn/7007868,,inhabited places,http://vocab.getty.edu/aat/300008347
collapsed_belgian-places-preferred-places-types.csv,27374,BELGIANSALES-27374,pres_loc_geog_1,Amsterdam,tgn/7006952,,inhabited places,http://vocab.getty.edu/aat/300008347
collapsed_belgian-places-preferred-places-types.csv,27376,BELGIANSALES-27376,pres_loc_geog_1,Ajaccio,tgn/7008351,,inhabited places,http://vocab.getty.edu/aat/300008347
collapsed_belgian-places-preferred-places-types.csv,27410,BELGIANSALES-27410,pres_loc_geog_1,Copenhagen,tgn/7003474,,inhabited places,http://vocab.getty.edu/aat/300008347
collapsed_belgian-places-preferred-places-types.csv,27417,BELGIANSALES-27417,pres_loc_geog_1,Antwerp,tgn/7007856,,inhabited places,http://vocab.getty.edu/aat/300008347
collapsed_belgian-places-preferred-places-types.csv,27419,BELGIANSALES-27419,pres_loc_geog_1,Copenhagen,tgn/7003474,,inhabited places,http://vocab.getty.edu/aat/300008347
collapsed_belgian-places-preferred-places-types.csv,27900,BELGIANSALES-27900,pres_loc_geog_1,Seattle,tgn/7014494,,inhabited places,http://vocab.getty.edu/aat/300008347
collapsed_belgian-places-preferred-places-types.csv,28320,BELGIANSALES-28320,pres_loc_geog_1,London,tgn/7011781,,inhabited places,http://vocab.getty.edu/aat/300008347
collapsed_belgian-places-preferred-places-types.csv,28335,BELGIANSALES-28335,pres_loc_geog_1,Aix-en-Provence,tgn/7010786,,inhabited places,http://vocab.getty.edu/aat/300008347
collapsed_belgian-places-preferred-places-types.csv,29106,BELGIANSALES-29106,pres_loc_geog_1,Paris,tgn/7008038,,inhabited places,http://vocab.getty.edu/aat/300008347
collapsed_belgian-places-preferred-places-types.csv,29214,BELGIANSALES-29214,pres_loc_geog_1,Leyden,tgn/7006809,,inhabited places,http://vocab.getty.edu/aat/300008347
collapsed_belgian-places-preferred-places-types.csv,29216,BELGIANSALES-29216,pres_loc_geog_1,Brussels,tgn/7007868,,inhabited places,http://vocab.getty.edu/aat/300008347
collapsed_belgian-places-preferred-places-types.csv,29217,BELGIANSALES-29217,pres_loc_geog_1,Brussels,tgn/7007868,,inhabited places,http://vocab.getty.edu/aat/300008347
collapsed_belgian-places-preferred-places-types.csv,29270,BELGIANSALES-29270,pres_loc_geog_1,Rotterdam,tgn/7006792,,inhabited places,http://vocab.getty.edu/aat/300008347
collapsed_belgian-places-preferred-places-types.csv,29340,BELGIANSALES-29340,pres_loc_geog_1,Leipzig,tgn/7012329,,inhabited places,http://vocab.getty.edu/aat/300008347
collapsed_belgian-places-preferred-places-types.csv,29342,BELGIANSALES-29342,pres_loc_geog_1,Philadelphia,tgn/7014406,,inhabited places,http://vocab.getty.edu/aat/300008347
collapsed_belgian-places-preferred-places-types.csv,29355,BELGIANSALES-29355,pres_loc_geog_1,Leipzig,tgn/7012329,,inhabited places,http://vocab.getty.edu/aat/300008347
collapsed_belgian-places-preferred-places-types.csv,29361,BELGIANSALES-29361,pres_loc_geog_1,Paris,tgn/7008038,,inhabited places,http://vocab.getty.edu/aat/300008347
collapsed_belgian-places-preferred-places-types.csv,29383,BELGIANSALES-29383,pres_loc_geog_1,Rotterdam,tgn/7006792,,inhabited places,http://vocab.getty.edu/aat/300008347
collapsed_belgian-places-preferred-places-types.csv,29385,BELGIANSALES-29385,pres_loc_geog_1,Leipzig,tgn/7012329,,inhabited places,http://vocab.getty.edu/aat/300008347
collapsed_belgian-places-preferred-places-types.csv,29389,BELGIANSALES-29389,pres_loc_geog_1,Leipzig,tgn/7012329,,inhabited places,http://vocab.getty.edu/aat/300008347
collapsed_belgian-places-preferred-places-types.csv,29398,BELGIANSALES-29398,pres_loc_geog_1,Brussels,tgn/7007868,,inhabited places,http://vocab.getty.edu/aat/300008347
collapsed_belgian-places-preferred-places-types.csv,29402,BELGIANSALES-29402,pres_loc_geog_1,Strasbourg,tgn/7012346,,inhabited places,http://vocab.getty.edu/aat/300008347
collapsed_belgian-places-preferred-places-types.csv,29419,BELGIANSALES-29419,pres_loc_geog_1,Brussels,tgn/7007868,,inhabited places,http://vocab.getty.edu/aat/300008347
collapsed_belgian-places-preferred-places-types.csv,29422,BELGIANSALES-29422,pres_loc_geog_1,Leipzig,tgn/7012329,,inhabited places,http://vocab.getty.edu/aat/300008347
collapsed_belgian-places-preferred-places-types.csv,29434,BELGIANSALES-29434,pres_loc_geog_1,Leipzig,tgn/7012329,,inhabited places,http://vocab.getty.edu/aat/300008347
collapsed_belgian-places-preferred-places-types.csv,29437,BELGIANSALES-29437,pres_loc_geog_1,Leipzig,tgn/7012329,,inhabited places,http://vocab.getty.edu/aat/300008347
collapsed_belgian-places-preferred-places-types.csv,29441,BELGIANSALES-29441,pres_loc_geog_1,Amsterdam,tgn/7006952,,inhabited places,http://vocab.getty.edu/aat/300008347
collapsed_belgian-places-preferred-places-types.csv,29460,BELGIANSALES-29460,pres_loc_geog_1,Aachen,tgn/7004799,,inhabited places,http://vocab.getty.edu/aat/300008347
collapsed_belgian-places-preferred-places-types.csv,29471,BELGIANSALES-29471,pres_loc_geog_1,Leipzig,tgn/7012329,,inhabited places,http://vocab.getty.edu/aat/300008347
collapsed_belgian-places-preferred-places-types.csv,29478,BELGIANSALES-29478,pres_loc_geog_1,Bayonne,tgn/7008192,,inhabited places,http://vocab.getty.edu/aat/300008347
collapsed_belgian-places-preferred-places-types.csv,29483,BELGIANSALES-29483,pres_loc_geog_1,London,tgn/7011781,,inhabited places,http://vocab.getty.edu/aat/300008347
collapsed_belgian-places-preferred-places-types.csv,29484,BELGIANSALES-29484,pres_loc_geog_1,Leipzig,tgn/7012329,,inhabited places,http://vocab.getty.edu/aat/300008347
collapsed_belgian-places-preferred-places-types.csv,29495,BELGIANSALES-29495,pres_loc_geog_1,Leipzig,tgn/7012329,,inhabited places,http://vocab.getty.edu/aat/300008347
collapsed_belgian-places-preferred-places-types.csv,29504,BELGIANSALES-29504,pres_loc_geog_1,Leipzig,tgn/7012329,,inhabited places,http://vocab.getty.edu/aat/300008347
collapsed_belgian-places-preferred-places-types.csv,29505,BELGIANSALES-29505,pres_loc_geog_1,Leipzig,tgn/7012329,,inhabited places,http://vocab.getty.edu/aat/300008347
collapsed_belgian-places-preferred-places-types.csv,29523,BELGIANSALES-29523,pres_loc_geog_1,Leipzig,tgn/7012329,,inhabited places,http://vocab.getty.edu/aat/300008347
collapsed_belgian-places-preferred-places-types.csv,29532,BELGIANSALES-29532,pres_loc_geog_1,Antwerp,tgn/7007856,,inhabited places,http://vocab.getty.edu/aat/300008347
collapsed_belgian-places-preferred-places-types.csv,29655,BELGIANSALES-29655,pres_loc_geog_1,Paris,tgn/7008038,,inhabited places,http://vocab.getty.edu/aat/300008347
collapsed_belgian-places-preferred-places-types.csv,30495,BELGIANSALES-30495,pres_loc_geog_1,Antwerp,tgn/7007856,,inhabited places,http://vocab.getty.edu/aat/300008347
collapsed_belgian-places-preferred-places-types.csv,30496,BELGIANSALES-30496,pres_loc_geog_1,"Hague, The",tgn/7006810,,inhabited places,http://vocab.getty.edu/aat/300008347
collapsed_belgian-places-preferred-places-types.csv,30621,BELGIANSALES-30621,pres_loc_geog_1,Antwerp,tgn/7007856,,inhabited places,http://vocab.getty.edu/aat/300008347
collapsed_belgian-places-preferred-places-types.csv,30763,BELGIANSALES-30763,pres_loc_geog_1,Paris,tgn/7008038,,inhabited places,http://vocab.getty.edu/aat/300008347
collapsed_belgian-places-preferred-places-types.csv,31541,BELGIANSALES-31541,pres_loc_geog_1,Basel,tgn/7007269,,inhabited places,http://vocab.getty.edu/aat/300008347
collapsed_belgian-places-preferred-places-types.csv,31841,BELGIANSALES-31841,pres_loc_geog_1,Paris,tgn/7008038,,inhabited places,http://vocab.getty.edu/aat/300008347
collapsed_belgian-places-preferred-places-types.csv,32085,BELGIANSALES-32085,pres_loc_geog_1,Amsterdam,tgn/7006952,,inhabited places,http://vocab.getty.edu/aat/300008347
collapsed_belgian-places-preferred-places-types.csv,32143,BELGIANSALES-32143,pres_loc_geog_1,Brussels,tgn/7007868,,inhabited places,http://vocab.getty.edu/aat/300008347
collapsed_belgian-places-preferred-places-types.csv,32554,BELGIANSALES-32554,pres_loc_geog_1,Detroit,tgn/7013547,,inhabited places,http://vocab.getty.edu/aat/300008347
collapsed_belgian-places-preferred-places-types.csv,32601,BELGIANSALES-32601,pres_loc_geog_1,Washington,tgn/7013962,,inhabited places,http://vocab.getty.edu/aat/300008347
collapsed_belgian-places-preferred-places-types.csv,32659,BELGIANSALES-32659,pres_loc_geog_1,Fort Worth,tgn/7013934,,inhabited places,http://vocab.getty.edu/aat/300008347
collapsed_belgian-places-preferred-places-types.csv,32881,BELGIANSALES-32881,pres_loc_geog_1,Los Angeles,tgn/7023900,,inhabited places,http://vocab.getty.edu/aat/300008347
collapsed_belgian-places-preferred-places-types.csv,32897,BELGIANSALES-32897,pres_loc_geog_1,Brussels,tgn/7007868,,inhabited places,http://vocab.getty.edu/aat/300008347
collapsed_belgian-places-preferred-places-types.csv,32899,BELGIANSALES-32899,pres_loc_geog_1,Brussels,tgn/7007868,,inhabited places,http://vocab.getty.edu/aat/300008347
collapsed_belgian-places-preferred-places-types.csv,32900,BELGIANSALES-32900,pres_loc_geog_1,Silver Spring,tgn/2048731,,inhabited places,http://vocab.getty.edu/aat/300008347
collapsed_belgian-places-preferred-places-types.csv,32901,BELGIANSALES-32901,pres_loc_geog_1,Detroit,tgn/7013547,,inhabited places,http://vocab.getty.edu/aat/300008347
collapsed_belgian-places-preferred-places-types.csv,32904,BELGIANSALES-32904,pres_loc_geog_1,Brussels,tgn/7007868,,inhabited places,http://vocab.getty.edu/aat/300008347
collapsed_belgian-places-preferred-places-types.csv,32905,BELGIANSALES-32905,pres_loc_geog_1,Brussels,tgn/7007868,,inhabited places,http://vocab.getty.edu/aat/300008347
collapsed_belgian-places-preferred-places-types.csv,32906,BELGIANSALES-32906,pres_loc_geog_1,Antwerp,tgn/7007856,,inhabited places,http://vocab.getty.edu/aat/300008347
collapsed_belgian-places-preferred-places-types.csv,32907,BELGIANSALES-32907,pres_loc_geog_1,Amsterdam,tgn/7006952,,inhabited places,http://vocab.getty.edu/aat/300008347
collapsed_belgian-places-preferred-places-types.csv,32908,BELGIANSALES-32908,pres_loc_geog_1,London,tgn/7011781,,inhabited places,http://vocab.getty.edu/aat/300008347
collapsed_belgian-places-preferred-places-types.csv,32909,BELGIANSALES-32909,pres_loc_geog_1,London,tgn/7011781,,inhabited places,http://vocab.getty.edu/aat/300008347
collapsed_belgian-places-preferred-places-types.csv,32910,BELGIANSALES-32910,pres_loc_geog_1,Amsterdam,tgn/7006952,,inhabited places,http://vocab.getty.edu/aat/300008347
collapsed_belgian-places-preferred-places-types.csv,33142,BELGIANSALES-33142,pres_loc_geog_1,Antwerp,tgn/7007856,,inhabited places,http://vocab.getty.edu/aat/300008347
collapsed_belgian-places-preferred-places-types.csv,33556,BELGIANSALES-33556,pres_loc_geog_1,Zürich,tgn/7007302,,inhabited places,http://vocab.getty.edu/aat/300008347
collapsed_belgian-places-preferred-places-types.csv,33816,BELGIANSALES-33816,pres_loc_geog_1,Brussels,tgn/7007868,,inhabited places,http://vocab.getty.edu/aat/300008347
collapsed_belgian-places-preferred-places-types.csv,33817,BELGIANSALES-33817,pres_loc_geog_1,Brussels,tgn/7007868,,inhabited places,http://vocab.getty.edu/aat/300008347
collapsed_belgian-places-preferred-places-types.csv,33818,BELGIANSALES-33818,pres_loc_geog_1,Madrid,tgn/7010413,,inhabited places,http://vocab.getty.edu/aat/300008347
collapsed_belgian-places-preferred-places-types.csv,33819,BELGIANSALES-33819,pres_loc_geog_1,London,tgn/7011781,,inhabited places,http://vocab.getty.edu/aat/300008347
collapsed_belgian-places-preferred-places-types.csv,33820,BELGIANSALES-33820,pres_loc_geog_1,Oxford,tgn/7011931,,inhabited places,http://vocab.getty.edu/aat/300008347
collapsed_belgian-places-preferred-places-types.csv,33821,BELGIANSALES-33821,pres_loc_geog_1,London,tgn/7011781,,inhabited places,http://vocab.getty.edu/aat/300008347
collapsed_belgian-places-preferred-places-types.csv,33822,BELGIANSALES-33822,pres_loc_geog_1,Philadelphia,tgn/7014406,,inhabited places,http://vocab.getty.edu/aat/300008347
collapsed_belgian-places-preferred-places-types.csv,34021,BELGIANSALES-34021,pres_loc_geog_1,Basel,tgn/7007269,,inhabited places,http://vocab.getty.edu/aat/300008347
collapsed_belgian-places-preferred-places-types.csv,34487,BELGIANSALES-34487,pres_loc_geog_1,London,tgn/7011781,,inhabited places,http://vocab.getty.edu/aat/300008347
collapsed_belgian-places-preferred-places-types.csv,34724,BELGIANSALES-34724,pres_loc_geog_1,Ghent,tgn/7007887,,inhabited places,http://vocab.getty.edu/aat/300008347
collapsed_belgian-places-preferred-places-types.csv,34730,BELGIANSALES-34730,pres_loc_geog_1,Ghent,tgn/7007887,,inhabited places,http://vocab.getty.edu/aat/300008347
collapsed_belgian-places-preferred-places-types.csv,34731,BELGIANSALES-34731,pres_loc_geog_1,Antwerp,tgn/7007856,,inhabited places,http://vocab.getty.edu/aat/300008347
collapsed_belgian-places-preferred-places-types.csv,34737,BELGIANSALES-34737,pres_loc_geog_1,Oxford,tgn/7011931,,inhabited places,http://vocab.getty.edu/aat/300008347
collapsed_belgian-places-preferred-places-types.csv,34740,BELGIANSALES-34740,pres_loc_geog_1,Oxford,tgn/7011931,,inhabited places,http://vocab.getty.edu/aat/300008347
collapsed_belgian-places-preferred-places-types.csv,34742,BELGIANSALES-34742,pres_loc_geog_1,Oxford,tgn/7011931,,inhabited places,http://vocab.getty.edu/aat/300008347
collapsed_belgian-places-preferred-places-types.csv,34786,BELGIANSALES-34786,pres_loc_geog_1,Montpellier,tgn/7009369,,inhabited places,http://vocab.getty.edu/aat/300008347
collapsed_belgian-places-preferred-places-types.csv,34789,BELGIANSALES-34789,pres_loc_geog_1,Philadelphia,tgn/7014406,,inhabited places,http://vocab.getty.edu/aat/300008347
collapsed_belgian-places-preferred-places-types.csv,34791,BELGIANSALES-34791,pres_loc_geog_1,Saint Petersburg,tgn/7010273,,inhabited places,http://vocab.getty.edu/aat/300008347
collapsed_belgian-places-preferred-places-types.csv,35207,BELGIANSALES-35207,pres_loc_geog_1,Rotterdam,tgn/7006792,,inhabited places,http://vocab.getty.edu/aat/300008347
collapsed_belgian-places-preferred-places-types.csv,35378,BELGIANSALES-35378,pres_loc_geog_1,Seattle,tgn/7014494,,inhabited places,http://vocab.getty.edu/aat/300008347
collapsed_belgian-places-preferred-places-types.csv,35471,BELGIANSALES-35471,pres_loc_geog_1,Boston,tgn/7013445,,inhabited places,http://vocab.getty.edu/aat/300008347
collapsed_belgian-places-preferred-places-types.csv,35480,BELGIANSALES-35480,pres_loc_geog_1,Rotterdam,tgn/7006792,,inhabited places,http://vocab.getty.edu/aat/300008347
collapsed_belgian-places-preferred-places-types.csv,35485,BELGIANSALES-35485,pres_loc_geog_1,Paris,tgn/7008038,,inhabited places,http://vocab.getty.edu/aat/300008347
collapsed_belgian-places-preferred-places-types.csv,35519,BELGIANSALES-35519,pres_loc_geog_1,London,tgn/7011781,,inhabited places,http://vocab.getty.edu/aat/300008347
collapsed_belgian-places-preferred-places-types.csv,35541,BELGIANSALES-35541,pres_loc_geog_1,Brussels,tgn/7007868,,inhabited places,http://vocab.getty.edu/aat/300008347
collapsed_belgian-places-preferred-places-types.csv,35668,BELGIANSALES-35668,pres_loc_geog_1,Antwerp,tgn/7007856,,inhabited places,http://vocab.getty.edu/aat/300008347
collapsed_belgian-places-preferred-places-types.csv,35680,BELGIANSALES-35680,pres_loc_geog_1,Cologne,tgn/7004446,,inhabited places,http://vocab.getty.edu/aat/300008347
collapsed_belgian-places-preferred-places-types.csv,35747,BELGIANSALES-35747,pres_loc_geog_1,New York,tgn/7007567,,inhabited places,http://vocab.getty.edu/aat/300008347
collapsed_belgian-places-preferred-places-types.csv,35766,BELGIANSALES-35766,pres_loc_geog_1,Brussels,tgn/7007868,,inhabited places,http://vocab.getty.edu/aat/300008347
collapsed_belgian-places-preferred-places-types.csv,35775,BELGIANSALES-35775,pres_loc_geog_1,Brussels,tgn/7007868,,inhabited places,http://vocab.getty.edu/aat/300008347
collapsed_belgian-places-preferred-places-types.csv,35783,BELGIANSALES-35783,pres_loc_geog_1,Vienna,tgn/7003321,,inhabited places,http://vocab.getty.edu/aat/300008347
collapsed_belgian-places-preferred-places-types.csv,35784,BELGIANSALES-35784,pres_loc_geog_1,New York,tgn/7007567,,inhabited places,http://vocab.getty.edu/aat/300008347
collapsed_belgian-places-preferred-places-types.csv,35785,BELGIANSALES-35785,pres_loc_geog_1,"Hague, The",tgn/7006810,,inhabited places,http://vocab.getty.edu/aat/300008347
collapsed_belgian-places-preferred-places-types.csv,36419,BELGIANSALES-36419,pres_loc_geog_1,Saint Petersburg,tgn/7010273,,inhabited places,http://vocab.getty.edu/aat/300008347
collapsed_belgian-places-preferred-places-types.csv,37537,BELGIANSALES-37537,pres_loc_geog_1,Haarlem,tgn/7007048,,inhabited places,http://vocab.getty.edu/aat/300008347
collapsed_belgian-places-preferred-places-types.csv,37572,BELGIANSALES-37572,pres_loc_geog_1,London,tgn/7011781,,inhabited places,http://vocab.getty.edu/aat/300008347
collapsed_belgian-places-preferred-places-types.csv,37784,BELGIANSALES-37784,pres_loc_geog_1,Brussels,tgn/7007868,,inhabited places,http://vocab.getty.edu/aat/300008347
collapsed_belgian-places-preferred-places-types.csv,37862,BELGIANSALES-37862,pres_loc_geog_1,Düsseldorf,tgn/7004443,,inhabited places,http://vocab.getty.edu/aat/300008347
collapsed_belgian-places-preferred-places-types.csv,38180,BELGIANSALES-38180,pres_loc_geog_1,Paris,tgn/7008038,,inhabited places,http://vocab.getty.edu/aat/300008347
collapsed_belgian-places-preferred-places-types.csv,38411,BELGIANSALES-38411,pres_loc_geog_1,Bruges,tgn/7007867,,inhabited places,http://vocab.getty.edu/aat/300008347
collapsed_belgian-places-preferred-places-types.csv,38787,BELGIANSALES-38787,pres_loc_geog_1,Gotha,tgn/7005938,,inhabited places,http://vocab.getty.edu/aat/300008347
collapsed_belgian-places-preferred-places-types.csv,38857,BELGIANSALES-38857,pres_loc_geog_1,Los Angeles,tgn/7023900,,inhabited places,http://vocab.getty.edu/aat/300008347
collapsed_belgian-places-preferred-places-types.csv,39098,BELGIANSALES-39098,pres_loc_geog_1,Chartres,tgn/7008267,,inhabited places,http://vocab.getty.edu/aat/300008347
collapsed_belgian-places-preferred-places-types.csv,39099,BELGIANSALES-39099,pres_loc_geog_1,Chartres,tgn/7008267,,inhabited places,http://vocab.getty.edu/aat/300008347
collapsed_belgian-places-preferred-places-types.csv,39100,BELGIANSALES-39100,pres_loc_geog_1,Chartres,tgn/7008267,,inhabited places,http://vocab.getty.edu/aat/300008347
collapsed_belgian-places-preferred-places-types.csv,39101,BELGIANSALES-39101,pres_loc_geog_1,Chartres,tgn/7008267,,inhabited places,http://vocab.getty.edu/aat/300008347
collapsed_belgian-places-preferred-places-types.csv,39368,BELGIANSALES-39368,pres_loc_geog_1,Brussels,tgn/7007868,,inhabited places,http://vocab.getty.edu/aat/300008347
collapsed_belgian-places-preferred-places-types.csv,39374,BELGIANSALES-39374,pres_loc_geog_1,Brussels,tgn/7007868,,inhabited places,http://vocab.getty.edu/aat/300008347
collapsed_belgian-places-preferred-places-types.csv,39769,BELGIANSALES-39769,pres_loc_geog_1,London,tgn/7011781,,inhabited places,http://vocab.getty.edu/aat/300008347
collapsed_belgian-places-preferred-places-types.csv,40006,BELGIANSALES-40006,pres_loc_geog_1,Leipzig,tgn/7012329,,inhabited places,http://vocab.getty.edu/aat/300008347
collapsed_belgian-places-preferred-places-types.csv,40065,BELGIANSALES-40065,pres_loc_geog_1,Amsterdam,tgn/7006952,,inhabited places,http://vocab.getty.edu/aat/300008347
collapsed_belgian-places-preferred-places-types.csv,40115,BELGIANSALES-40115,pres_loc_geog_1,Moscow,tgn/7012974,,inhabited places,http://vocab.getty.edu/aat/300008347
collapsed_belgian-places-preferred-places-types.csv,40236,BELGIANSALES-40236,pres_loc_geog_1,Paris,tgn/7008038,,inhabited places,http://vocab.getty.edu/aat/300008347
collapsed_belgian-places-preferred-places-types.csv,40966,BELGIANSALES-40966,pres_loc_geog_1,London,tgn/7011781,,inhabited places,http://vocab.getty.edu/aat/300008347
collapsed_belgian-places-preferred-places-types.csv,41276,BELGIANSALES-41276,pres_loc_geog_1,"Hague, The",tgn/7006810,,inhabited places,http://vocab.getty.edu/aat/300008347
collapsed_belgian-places-preferred-places-types.csv,41778,BELGIANSALES-41778,pres_loc_geog_1,Dordrecht,tgn/7006798,,inhabited places,http://vocab.getty.edu/aat/300008347
collapsed_belgian-places-preferred-places-types.csv,41787,BELGIANSALES-41787,pres_loc_geog_1,Nantes,tgn/7008482,,inhabited places,http://vocab.getty.edu/aat/300008347
collapsed_belgian-places-preferred-places-types.csv,42020,BELGIANSALES-42020,pres_loc_geog_1,Copenhagen,tgn/7003474,,inhabited places,http://vocab.getty.edu/aat/300008347
collapsed_belgian-places-preferred-places-types.csv,42032,BELGIANSALES-42032,pres_loc_geog_1,Copenhagen,tgn/7003474,,inhabited places,http://vocab.getty.edu/aat/300008347
collapsed_belgian-places-preferred-places-types.csv,42048,BELGIANSALES-42048,pres_loc_geog_1,Salzburg,tgn/7003256,,inhabited places,http://vocab.getty.edu/aat/300008347
collapsed_belgian-places-preferred-places-types.csv,42054,BELGIANSALES-42054,pres_loc_geog_1,Brussels,tgn/7007868,,inhabited places,http://vocab.getty.edu/aat/300008347
collapsed_belgian-places-preferred-places-types.csv,42071,BELGIANSALES-42071,pres_loc_geog_1,Amsterdam,tgn/7006952,,inhabited places,http://vocab.getty.edu/aat/300008347
collapsed_belgian-places-preferred-places-types.csv,42073,BELGIANSALES-42073,pres_loc_geog_1,Ajaccio,tgn/7008351,,inhabited places,http://vocab.getty.edu/aat/300008347
collapsed_belgian-places-preferred-places-types.csv,42167,BELGIANSALES-42167,pres_loc_geog_1,Antwerp,tgn/7007856,,inhabited places,http://vocab.getty.edu/aat/300008347
collapsed_belgian-places-preferred-places-types.csv,42185,BELGIANSALES-42185,pres_loc_geog_1,Copenhagen,tgn/7003474,,inhabited places,http://vocab.getty.edu/aat/300008347
collapsed_belgian-places-preferred-places-types.csv,42192,BELGIANSALES-42192,pres_loc_geog_1,Copenhagen,tgn/7003474,,inhabited places,http://vocab.getty.edu/aat/300008347
collapsed_belgian-places-preferred-places-types.csv,43081,BELGIANSALES-43081,pres_loc_geog_1,Amsterdam,tgn/7006952,,inhabited places,http://vocab.getty.edu/aat/300008347
collapsed_belgian-places-preferred-places-types.csv,43083,BELGIANSALES-43083,pres_loc_geog_1,New York,tgn/7007567,,inhabited places,http://vocab.getty.edu/aat/300008347
collapsed_belgian-places-preferred-places-types.csv,43084,BELGIANSALES-43084,pres_loc_geog_1,Düsseldorf,tgn/7004443,,inhabited places,http://vocab.getty.edu/aat/300008347
collapsed_belgian-places-preferred-places-types.csv,43095,BELGIANSALES-43095,pres_loc_geog_1,Paris,tgn/7008038,,inhabited places,http://vocab.getty.edu/aat/300008347
collapsed_belgian-places-preferred-places-types.csv,43096,BELGIANSALES-43096,pres_loc_geog_1,London,tgn/7011781,,inhabited places,http://vocab.getty.edu/aat/300008347
collapsed_belgian-places-preferred-places-types.csv,43111,BELGIANSALES-43111,pres_loc_geog_1,Lyon,tgn/7008772,,inhabited places,http://vocab.getty.edu/aat/300008347
collapsed_belgian-places-preferred-places-types.csv,43117,BELGIANSALES-43117,pres_loc_geog_1,London,tgn/7011781,,inhabited places,http://vocab.getty.edu/aat/300008347
collapsed_belgian-places-preferred-places-types.csv,43120,BELGIANSALES-43120,pres_loc_geog_1,Saint Petersburg,tgn/7010273,,inhabited places,http://vocab.getty.edu/aat/300008347
collapsed_belgian-places-preferred-places-types.csv,43126,BELGIANSALES-43126,pres_loc_geog_1,Boston,tgn/7013445,,inhabited places,http://vocab.getty.edu/aat/300008347
collapsed_belgian-places-preferred-places-types.csv,43173,BELGIANSALES-43173,pres_loc_geog_1,Rotterdam,tgn/7006792,,inhabited places,http://vocab.getty.edu/aat/300008347
collapsed_belgian-places-preferred-places-types.csv,43190,BELGIANSALES-43190,pres_loc_geog_1,Paris,tgn/7008038,,inhabited places,http://vocab.getty.edu/aat/300008347
collapsed_belgian-places-preferred-places-types.csv,43193,BELGIANSALES-43193,pres_loc_geog_1,Saint Petersburg,tgn/7010273,,inhabited places,http://vocab.getty.edu/aat/300008347
collapsed_belgian-places-preferred-places-types.csv,43678,BELGIANSALES-43678,pres_loc_geog_1,Rotterdam,tgn/7006792,,inhabited places,http://vocab.getty.edu/aat/300008347
collapsed_belgian-places-preferred-places-types.csv,43692,BELGIANSALES-43692,pres_loc_geog_1,Rotterdam,tgn/7006792,,inhabited places,http://vocab.getty.edu/aat/300008347
collapsed_belgian-places-preferred-places-types.csv,43775,BELGIANSALES-43775,pres_loc_geog_1,Rotterdam,tgn/7006792,,inhabited places,http://vocab.getty.edu/aat/300008347
collapsed_belgian-places-preferred-places-types.csv,43805,BELGIANSALES-43805,pres_loc_geog_1,Leipzig,tgn/7012329,,inhabited places,http://vocab.getty.edu/aat/300008347
collapsed_belgian-places-preferred-places-types.csv,43959,BELGIANSALES-43959,pres_loc_geog_1,Nîmes,tgn/7008371,,inhabited places,http://vocab.getty.edu/aat/300008347
collapsed_belgian-places-preferred-places-types.csv,44323,BELGIANSALES-44323,pres_loc_geog_1,Gotha,tgn/7005938,,inhabited places,http://vocab.getty.edu/aat/300008347
collapsed_belgian-places-preferred-places-types.csv,44818,BELGIANSALES-44818,pres_loc_geog_1,Leipzig,tgn/7012329,,inhabited places,http://vocab.getty.edu/aat/300008347
collapsed_belgian-places-preferred-places-types.csv,45222,BELGIANSALES-45222,pres_loc_geog_1,Lyon,tgn/7008772,,inhabited places,http://vocab.getty.edu/aat/300008347
collapsed_belgian-places-preferred-places-types.csv,45238,BELGIANSALES-45238,pres_loc_geog_1,Montreal,tgn/7013051,,inhabited places,http://vocab.getty.edu/aat/300008347
collapsed_belgian-places-preferred-places-types.csv,45610,BELGIANSALES-45610,pres_loc_geog_1,Leipzig,tgn/7012329,,inhabited places,http://vocab.getty.edu/aat/300008347
collapsed_belgian-places-preferred-places-types.csv,47567,BELGIANSALES-47567,pres_loc_geog_1,Liège,tgn/7007945,,inhabited places,http://vocab.getty.edu/aat/300008347
collapsed_belgian-places-preferred-places-types.csv,49324,BELGIANSALES-49324,pres_loc_geog_1,Amsterdam,tgn/7006952,,inhabited places,http://vocab.getty.edu/aat/300008347
collapsed_belgian-places-preferred-places-types.csv,49571,BELGIANSALES-49571,pres_loc_geog_1,Los Angeles,tgn/7023900,,inhabited places,http://vocab.getty.edu/aat/300008347
collapsed_belgian-places-preferred-places-types.csv,49703,BELGIANSALES-49703,pres_loc_geog_1,Antwerp,tgn/7007856,,inhabited places,http://vocab.getty.edu/aat/300008347
collapsed_belgian-places-preferred-places-types.csv,50807,BELGIANSALES-50807,pres_loc_geog_1,Antwerp,tgn/7007856,,inhabited places,http://vocab.getty.edu/aat/300008347
collapsed_belgian-places-preferred-places-types.csv,52573,BELGIANSALES-52573,pres_loc_geog_1,Brussels,tgn/7007868,,inhabited places,http://vocab.getty.edu/aat/300008347
collapsed_belgian-places-preferred-places-types.csv,52574,BELGIANSALES-52574,pres_loc_geog_1,Brussels,tgn/7007868,,inhabited places,http://vocab.getty.edu/aat/300008347
collapsed_belgian-places-preferred-places-types.csv,53383,BELGIANSALES-53383,pres_loc_geog_1,Leipzig,tgn/7012329,,inhabited places,http://vocab.getty.edu/aat/300008347
collapsed_belgian-places-preferred-places-types.csv,53529,BELGIANSALES-53529,pres_loc_geog_1,Paris,tgn/7008038,,inhabited places,http://vocab.getty.edu/aat/300008347
collapsed_belgian-places-preferred-places-types.csv,54247,BELGIANSALES-54247,pres_loc_geog_1,Brussels,tgn/7007868,,inhabited places,http://vocab.getty.edu/aat/300008347
collapsed_belgian-places-preferred-places-types.csv,58777,BELGIANSALES-58777,pres_loc_geog_1,Moscow,tgn/7012974,,inhabited places,http://vocab.getty.edu/aat/300008347
collapsed_belgian-places-preferred-places-types.csv,59060,BELGIANSALES-59060,pres_loc_geog_1,Frankfurt am Main,tgn/7005293,,inhabited places,http://vocab.getty.edu/aat/300008347
collapsed_belgian-places-preferred-places-types.csv,59258,BELGIANSALES-59258,pres_loc_geog_1,Stockholm,tgn/7009861,,inhabited places,http://vocab.getty.edu/aat/300008347
collapsed_belgian-places-preferred-places-types.csv,59767,BELGIANSALES-59767,pres_loc_geog_1,Alençon,tgn/7008621,,inhabited places,http://vocab.getty.edu/aat/300008347
collapsed_belgian-places-preferred-places-types.csv,60176,BELGIANSALES-60176,pres_loc_geog_1,Bruges,tgn/7007867,,inhabited places,http://vocab.getty.edu/aat/300008347
collapsed_belgian-places-preferred-places-types.csv,60227,BELGIANSALES-60227,pres_loc_geog_1,Bruges,tgn/7007867,,inhabited places,http://vocab.getty.edu/aat/300008347
collapsed_belgian-places-preferred-places-types.csv,60939,BELGIANSALES-60939,pres_loc_geog_1,Nantes,tgn/7008482,,inhabited places,http://vocab.getty.edu/aat/300008347
collapsed_belgian-places-preferred-places-types.csv,60942,BELGIANSALES-60942,pres_loc_geog_1,Poughkeepsie,tgn/7014282,,inhabited places,http://vocab.getty.edu/aat/300008347
collapsed_belgian-places-preferred-places-types.csv,60949,BELGIANSALES-60949,pres_loc_geog_1,Düsseldorf,tgn/7004443,,inhabited places,http://vocab.getty.edu/aat/300008347
collapsed_belgian-places-preferred-places-types.csv,60951,BELGIANSALES-60951,pres_loc_geog_1,Paris,tgn/7008038,,inhabited places,http://vocab.getty.edu/aat/300008347
collapsed_belgian-places-preferred-places-types.csv,60982,BELGIANSALES-60982,pres_loc_geog_1,Antwerp,tgn/7007856,,inhabited places,http://vocab.getty.edu/aat/300008347
collapsed_belgian-places-preferred-places-types.csv,60994,BELGIANSALES-60994,pres_loc_geog_1,Paris,tgn/7008038,,inhabited places,http://vocab.getty.edu/aat/300008347
collapsed_belgian-places-preferred-places-types.csv,60995,BELGIANSALES-60995,pres_loc_geog_1,Tyntesfield,,tgn/7012032,counties,http://vocab.getty.edu/aat/300000771
collapsed_belgian-places-preferred-places-types.csv,60996,BELGIANSALES-60996,pres_loc_geog_1,Dublin,tgn/7001306,,inhabited places,http://vocab.getty.edu/aat/300008347
collapsed_belgian-places-preferred-places-types.csv,61007,BELGIANSALES-61007,pres_loc_geog_1,Ottawa,tgn/7013088,,inhabited places,http://vocab.getty.edu/aat/300008347
collapsed_belgian-places-preferred-places-types.csv,61027,BELGIANSALES-61027,pres_loc_geog_1,London,tgn/7011781,,inhabited places,http://vocab.getty.edu/aat/300008347
collapsed_belgian-places-preferred-places-types.csv,61035,BELGIANSALES-61035,pres_loc_geog_1,Antwerp,tgn/7007856,,inhabited places,http://vocab.getty.edu/aat/300008347
collapsed_belgian-places-preferred-places-types.csv,61046,BELGIANSALES-61046,pres_loc_geog_1,Paris,tgn/7008038,,inhabited places,http://vocab.getty.edu/aat/300008347
collapsed_belgian-places-preferred-places-types.csv,61047,BELGIANSALES-61047,pres_loc_geog_1,Upton House,,tgn/7008178,counties,http://vocab.getty.edu/aat/300000771
collapsed_belgian-places-preferred-places-types.csv,61079,BELGIANSALES-61079,pres_loc_geog_1,Lier,tgn/7016996,,inhabited places,http://vocab.getty.edu/aat/300008347
collapsed_belgian-places-preferred-places-types.csv,61100,BELGIANSALES-61100,pres_loc_geog_1,Madrid,tgn/7010413,,inhabited places,http://vocab.getty.edu/aat/300008347
collapsed_belgian-places-preferred-places-types.csv,61103,BELGIANSALES-61103,pres_loc_geog_1,Frankfurt am Main,tgn/7005293,,inhabited places,http://vocab.getty.edu/aat/300008347
collapsed_belgian-places-preferred-places-types.csv,61114,BELGIANSALES-61114,pres_loc_geog_1,Cheltenham,tgn/7011192,,inhabited places,http://vocab.getty.edu/aat/300008347
collapsed_belgian-places-preferred-places-types.csv,61115,BELGIANSALES-61115,pres_loc_geog_1,Cheltenham,tgn/7011192,,inhabited places,http://vocab.getty.edu/aat/300008347
collapsed_belgian-places-preferred-places-types.csv,61141,BELGIANSALES-61141,pres_loc_geog_1,London,tgn/7011781,,inhabited places,http://vocab.getty.edu/aat/300008347
collapsed_belgian-places-preferred-places-types.csv,61674,BELGIANSALES-61674,pres_loc_geog_1,Rotterdam,tgn/7006792,,inhabited places,http://vocab.getty.edu/aat/300008347
collapsed_belgian-places-preferred-places-types.csv,62286,BELGIANSALES-62286,pres_loc_geog_1,London,tgn/7011781,,inhabited places,http://vocab.getty.edu/aat/300008347
collapsed_belgian-places-preferred-places-types.csv,62362,BELGIANSALES-62362,pres_loc_geog_1,Antwerp,tgn/7007856,,inhabited places,http://vocab.getty.edu/aat/300008347
collapsed_belgian-places-preferred-places-types.csv,62937,BELGIANSALES-62937,pres_loc_geog_1,Oxford,tgn/7011931,,inhabited places,http://vocab.getty.edu/aat/300008347
collapsed_belgian-places-preferred-places-types.csv,63507,BELGIANSALES-63507,pres_loc_geog_1,Antwerp,tgn/7007856,,inhabited places,http://vocab.getty.edu/aat/300008347
collapsed_belgian-places-preferred-places-types.csv,64928,BELGIANSALES-64928,pres_loc_geog_1,Paris,tgn/7008038,,inhabited places,http://vocab.getty.edu/aat/300008347
collapsed_belgian-places-preferred-places-types.csv,65140,BELGIANSALES-65140,pres_loc_geog_1,Washington,tgn/7013962,,inhabited places,http://vocab.getty.edu/aat/300008347
collapsed_belgian-places-preferred-places-types.csv,66115,BELGIANSALES-66115,pres_loc_geog_1,Lille,tgn/7008461,,inhabited places,http://vocab.getty.edu/aat/300008347
collapsed_belgian-places-preferred-places-types.csv,66416,BELGIANSALES-66416,pres_loc_geog_1,Liège,tgn/7007945,,inhabited places,http://vocab.getty.edu/aat/300008347
collapsed_belgian-places-preferred-places-types.csv,66721,BELGIANSALES-66721,pres_loc_geog_1,Washington,tgn/7013962,,inhabited places,http://vocab.getty.edu/aat/300008347
collapsed_belgian-places-preferred-places-types.csv,67101,BELGIANSALES-67101,pres_loc_geog_1,Brussels,tgn/7007868,,inhabited places,http://vocab.getty.edu/aat/300008347
collapsed_belgian-places-preferred-places-types.csv,68284,BELGIANSALES-68284,pres_loc_geog_1,Oxford,tgn/7011931,,inhabited places,http://vocab.getty.edu/aat/300008347
collapsed_belgian-places-preferred-places-types.csv,68869,BELGIANSALES-68869,pres_loc_geog_1,Antwerp,tgn/7007856,,inhabited places,http://vocab.getty.edu/aat/300008347
collapsed_belgian-places-preferred-places-types.csv,68927,BELGIANSALES-68927,pres_loc_geog_1,Paris,tgn/7008038,,inhabited places,http://vocab.getty.edu/aat/300008347
collapsed_belgian-places-preferred-places-types.csv,68978,BELGIANSALES-68978,pres_loc_geog_1,Brussels,tgn/7007868,,inhabited places,http://vocab.getty.edu/aat/300008347
collapsed_belgian-places-preferred-places-types.csv,69016,BELGIANSALES-69016,pres_loc_geog_1,Paris,tgn/7008038,,inhabited places,http://vocab.getty.edu/aat/300008347
collapsed_belgian-places-preferred-places-types.csv,69085,BELGIANSALES-69085,pres_loc_geog_1,Brussels,tgn/7007868,,inhabited places,http://vocab.getty.edu/aat/300008347
collapsed_belgian-places-preferred-places-types.csv,69102,BELGIANSALES-69102,pres_loc_geog_1,Philadelphia,tgn/7014406,,inhabited places,http://vocab.getty.edu/aat/300008347
collapsed_belgian-places-preferred-places-types.csv,69107,BELGIANSALES-69107,pres_loc_geog_1,Detroit,tgn/7013547,,inhabited places,http://vocab.getty.edu/aat/300008347
collapsed_belgian-places-preferred-places-types.csv,69138,BELGIANSALES-69138,pres_loc_geog_1,Paris,tgn/7008038,,inhabited places,http://vocab.getty.edu/aat/300008347
collapsed_belgian-places-preferred-places-types.csv,69273,BELGIANSALES-69273,pres_loc_geog_1,Rotterdam,tgn/7006792,,inhabited places,http://vocab.getty.edu/aat/300008347
collapsed_belgian-places-preferred-places-types.csv,70018,BELGIANSALES-70018,pres_loc_geog_1,Philadelphia,tgn/7014406,,inhabited places,http://vocab.getty.edu/aat/300008347
collapsed_belgian-places-preferred-places-types.csv,70119,BELGIANSALES-70119,pres_loc_geog_1,Philadelphia,tgn/7014406,,inhabited places,http://vocab.getty.edu/aat/300008347
collapsed_belgian-places-preferred-places-types.csv,70188,BELGIANSALES-70188,pres_loc_geog_1,Paris,tgn/7008038,,inhabited places,http://vocab.getty.edu/aat/300008347
collapsed_belgian-places-preferred-places-types.csv,70189,BELGIANSALES-70189,pres_loc_geog_1,London,tgn/7011781,,inhabited places,http://vocab.getty.edu/aat/300008347
collapsed_belgian-places-preferred-places-types.csv,70190,BELGIANSALES-70190,pres_loc_geog_1,New York,tgn/7007567,,inhabited places,http://vocab.getty.edu/aat/300008347
collapsed_belgian-places-preferred-places-types.csv,70199,BELGIANSALES-70199,pres_loc_geog_1,Le Mans,tgn/7008494,,inhabited places,http://vocab.getty.edu/aat/300008347
collapsed_belgian-places-preferred-places-types.csv,70200,BELGIANSALES-70200,pres_loc_geog_1,Paris,tgn/7008038,,inhabited places,http://vocab.getty.edu/aat/300008347
collapsed_belgian-places-preferred-places-types.csv,70214,BELGIANSALES-70214,pres_loc_geog_1,Paris,tgn/7008038,,inhabited places,http://vocab.getty.edu/aat/300008347
collapsed_belgian-places-preferred-places-types.csv,70287,BELGIANSALES-70287,pres_loc_geog_1,Paris,tgn/7008038,,inhabited places,http://vocab.getty.edu/aat/300008347
collapsed_belgian-places-preferred-places-types.csv,70290,BELGIANSALES-70290,pres_loc_geog_1,Ascott,,tgn/7008104,counties,http://vocab.getty.edu/aat/300000771
collapsed_belgian-places-preferred-places-types.csv,70314,BELGIANSALES-70314,pres_loc_geog_1,New York,tgn/7007567,,inhabited places,http://vocab.getty.edu/aat/300008347
collapsed_belgian-places-preferred-places-types.csv,70339,BELGIANSALES-70339,pres_loc_geog_1,Lille,tgn/7008461,,inhabited places,http://vocab.getty.edu/aat/300008347
collapsed_belgian-places-preferred-places-types.csv,70583,BELGIANSALES-70583,pres_loc_geog_1,Amsterdam,tgn/7006952,,inhabited places,http://vocab.getty.edu/aat/300008347
collapsed_belgian-places-preferred-places-types.csv,70645,BELGIANSALES-70645,pres_loc_geog_1,Brussels,tgn/7007868,,inhabited places,http://vocab.getty.edu/aat/300008347
collapsed_belgian-places-preferred-places-types.csv,70728,BELGIANSALES-70728,pres_loc_geog_1,Paris,tgn/7008038,,inhabited places,http://vocab.getty.edu/aat/300008347
collapsed_belgian-places-preferred-places-types.csv,70731,BELGIANSALES-70731,pres_loc_geog_1,Winterthur,tgn/7007301,,inhabited places,http://vocab.getty.edu/aat/300008347
collapsed_belgian-places-preferred-places-types.csv,70900,BELGIANSALES-70900,pres_loc_geog_1,Brussels,tgn/7007868,,inhabited places,http://vocab.getty.edu/aat/300008347
collapsed_belgian-places-preferred-places-types.csv,70917,BELGIANSALES-70917,pres_loc_geog_1,Lille,tgn/7008461,,inhabited places,http://vocab.getty.edu/aat/300008347
collapsed_belgian-places-preferred-places-types.csv,71035,BELGIANSALES-71035,pres_loc_geog_1,Geneva,tgn/7007279,,inhabited places,http://vocab.getty.edu/aat/300008347
collapsed_belgian-places-preferred-places-types.csv,71056,BELGIANSALES-71056,pres_loc_geog_1,Moscow,tgn/7012974,,inhabited places,http://vocab.getty.edu/aat/300008347
collapsed_belgian-places-preferred-places-types.csv,71080,BELGIANSALES-71080,pres_loc_geog_1,Los Angeles,tgn/7023900,,inhabited places,http://vocab.getty.edu/aat/300008347
collapsed_belgian-places-preferred-places-types.csv,71139,BELGIANSALES-71139,pres_loc_geog_1,Brussels,tgn/7007868,,inhabited places,http://vocab.getty.edu/aat/300008347
collapsed_belgian-places-preferred-places-types.csv,71179,BELGIANSALES-71179,pres_loc_geog_1,Brussels,tgn/7007868,,inhabited places,http://vocab.getty.edu/aat/300008347
collapsed_belgian-places-preferred-places-types.csv,72649,BELGIANSALES-72649,pres_loc_geog_1,Aachen,tgn/7004799,,inhabited places,http://vocab.getty.edu/aat/300008347
collapsed_belgian-places-preferred-places-types.csv,72674,BELGIANSALES-72674,pres_loc_geog_1,Aachen,tgn/7004799,,inhabited places,http://vocab.getty.edu/aat/300008347
collapsed_belgian-places-preferred-places-types.csv,72695,BELGIANSALES-72695,pres_loc_geog_1,Washington,tgn/7013962,,inhabited places,http://vocab.getty.edu/aat/300008347
collapsed_belgian-places-preferred-places-types.csv,72839,BELGIANSALES-72839,pres_loc_geog_1,Spain,tgn/1000095,,nations,http://vocab.getty.edu/aat/300128207
collapsed_belgian-places-preferred-places-types.csv,73863,BELGIANSALES-73863,pres_loc_geog_1,Brussels,tgn/7007868,,inhabited places,http://vocab.getty.edu/aat/300008347
collapsed_belgian-places-preferred-places-types.csv,73917,BELGIANSALES-73917,pres_loc_geog_1,Barnard Castle,tgn/7010032,,inhabited places,http://vocab.getty.edu/aat/300008347
collapsed_belgian-places-preferred-places-types.csv,74018,BELGIANSALES-74018,pres_loc_geog_1,Antwerp,tgn/7007856,,inhabited places,http://vocab.getty.edu/aat/300008347
collapsed_belgian-places-preferred-places-types.csv,74023,BELGIANSALES-74023,pres_loc_geog_1,Zürich,tgn/7007302,,inhabited places,http://vocab.getty.edu/aat/300008347
collapsed_belgian-places-preferred-places-types.csv,74105,BELGIANSALES-74105,pres_loc_geog_1,Marseilles,tgn/7008781,,inhabited places,http://vocab.getty.edu/aat/300008347
collapsed_belgian-places-preferred-places-types.csv,74109,BELGIANSALES-74109,pres_loc_geog_1,Bruges,tgn/7007867,,inhabited places,http://vocab.getty.edu/aat/300008347
collapsed_belgian-places-preferred-places-types.csv,74391,BELGIANSALES-74391,pres_loc_geog_1,Brussels,tgn/7007868,,inhabited places,http://vocab.getty.edu/aat/300008347
collapsed_belgian-places-preferred-places-types.csv,74392,BELGIANSALES-74392,pres_loc_geog_1,Brussels,tgn/7007868,,inhabited places,http://vocab.getty.edu/aat/300008347
collapsed_belgian-places-preferred-places-types.csv,74680,BELGIANSALES-74680,pres_loc_geog_1,Brussels,tgn/7007868,,inhabited places,http://vocab.getty.edu/aat/300008347
collapsed_belgian-places-preferred-places-types.csv,74696,BELGIANSALES-74696,pres_loc_geog_1,Brussels,tgn/7007868,,inhabited places,http://vocab.getty.edu/aat/300008347
collapsed_belgian-places-preferred-places-types.csv,74715,BELGIANSALES-74715,pres_loc_geog_1,Brussels,tgn/7007868,,inhabited places,http://vocab.getty.edu/aat/300008347
collapsed_belgian-places-preferred-places-types.csv,74737,BELGIANSALES-74737,pres_loc_geog_1,Brussels,tgn/7007868,,inhabited places,http://vocab.getty.edu/aat/300008347
collapsed_belgian-places-preferred-places-types.csv,74752,BELGIANSALES-74752,pres_loc_geog_1,Los Angeles,tgn/7023900,,inhabited places,http://vocab.getty.edu/aat/300008347
collapsed_belgian-places-preferred-places-types.csv,74759,BELGIANSALES-74759,pres_loc_geog_1,London,tgn/7011781,,inhabited places,http://vocab.getty.edu/aat/300008347
collapsed_belgian-places-preferred-places-types.csv,74760,BELGIANSALES-74760,pres_loc_geog_1,Oxford,tgn/7011931,,inhabited places,http://vocab.getty.edu/aat/300008347
collapsed_belgian-places-preferred-places-types.csv,74766,BELGIANSALES-74766,pres_loc_geog_1,New York,tgn/7007567,,inhabited places,http://vocab.getty.edu/aat/300008347
collapsed_belgian-places-preferred-places-types.csv,74768,BELGIANSALES-74768,pres_loc_geog_1,Antwerp,tgn/7007856,,inhabited places,http://vocab.getty.edu/aat/300008347
collapsed_belgian-places-preferred-places-types.csv,74769,BELGIANSALES-74769,pres_loc_geog_1,Antwerp,tgn/7007856,,inhabited places,http://vocab.getty.edu/aat/300008347
collapsed_belgian-places-preferred-places-types.csv,74774,BELGIANSALES-74774,pres_loc_geog_1,London,tgn/7011781,,inhabited places,http://vocab.getty.edu/aat/300008347
collapsed_belgian-places-preferred-places-types.csv,74788,BELGIANSALES-74788,pres_loc_geog_1,Antwerp,tgn/7007856,,inhabited places,http://vocab.getty.edu/aat/300008347
collapsed_belgian-places-preferred-places-types.csv,74806,BELGIANSALES-74806,pres_loc_geog_1,Cambridge,tgn/7010874,,inhabited places,http://vocab.getty.edu/aat/300008347
collapsed_belgian-places-preferred-places-types.csv,74833,BELGIANSALES-74833,pres_loc_geog_1,New York,tgn/7007567,,inhabited places,http://vocab.getty.edu/aat/300008347
collapsed_belgian-places-preferred-places-types.csv,75330,BELGIANSALES-75330,pres_loc_geog_1,Brussels,tgn/7007868,,inhabited places,http://vocab.getty.edu/aat/300008347
collapsed_belgian-places-preferred-places-types.csv,75384,BELGIANSALES-75384,pres_loc_geog_1,Brussels,tgn/7007868,,inhabited places,http://vocab.getty.edu/aat/300008347
collapsed_belgian-places-preferred-places-types.csv,75385,BELGIANSALES-75385,pres_loc_geog_1,Brussels,tgn/7007868,,inhabited places,http://vocab.getty.edu/aat/300008347
collapsed_belgian-places-preferred-places-types.csv,75445,BELGIANSALES-75445,pres_loc_geog_1,"Hague, The",tgn/7006810,,inhabited places,http://vocab.getty.edu/aat/300008347
collapsed_belgian-places-preferred-places-types.csv,75451,BELGIANSALES-75451,pres_loc_geog_1,"Hague, The",tgn/7006810,,inhabited places,http://vocab.getty.edu/aat/300008347
collapsed_belgian-places-preferred-places-types.csv,75506,BELGIANSALES-75506,pres_loc_geog_1,Brussels,tgn/7007868,,inhabited places,http://vocab.getty.edu/aat/300008347
collapsed_belgian-places-preferred-places-types.csv,75553,BELGIANSALES-75553,pres_loc_geog_1,Brussels,tgn/7007868,,inhabited places,http://vocab.getty.edu/aat/300008347
collapsed_belgian-places-preferred-places-types.csv,75582,BELGIANSALES-75582,pres_loc_geog_1,Brussels,tgn/7007868,,inhabited places,http://vocab.getty.edu/aat/300008347
collapsed_belgian-places-preferred-places-types.csv,75587,BELGIANSALES-75587,pres_loc_geog_1,Brussels,tgn/7007868,,inhabited places,http://vocab.getty.edu/aat/300008347
collapsed_belgian-places-preferred-places-types.csv,75670,BELGIANSALES-75670,pres_loc_geog_1,Brussels,tgn/7007868,,inhabited places,http://vocab.getty.edu/aat/300008347
collapsed_belgian-places-preferred-places-types.csv,75704,BELGIANSALES-75704,pres_loc_geog_1,Brussels,tgn/7007868,,inhabited places,http://vocab.getty.edu/aat/300008347
collapsed_belgian-places-preferred-places-types.csv,75712,BELGIANSALES-75712,pres_loc_geog_1,Brussels,tgn/7007868,,inhabited places,http://vocab.getty.edu/aat/300008347
collapsed_belgian-places-preferred-places-types.csv,76130,BELGIANSALES-76130,pres_loc_geog_1,Bordeaux,tgn/7008161,,inhabited places,http://vocab.getty.edu/aat/300008347
collapsed_belgian-places-preferred-places-types.csv,76627,BELGIANSALES-76627,pres_loc_geog_1,Burlington,tgn/7013484,,inhabited places,http://vocab.getty.edu/aat/300008347
collapsed_belgian-places-preferred-places-types.csv,77643,BELGIANSALES-77643,pres_loc_geog_1,Boston,tgn/7013445,,inhabited places,http://vocab.getty.edu/aat/300008347
collapsed_belgian-places-preferred-places-types.csv,77730,BELGIANSALES-77730,pres_loc_geog_1,London,tgn/7011781,,inhabited places,http://vocab.getty.edu/aat/300008347
collapsed_belgian-places-preferred-places-types.csv,77862,BELGIANSALES-77862,pres_loc_geog_1,Marseilles,tgn/7008781,,inhabited places,http://vocab.getty.edu/aat/300008347
collapsed_belgian-places-preferred-places-types.csv,78209,BELGIANSALES-78209,pres_loc_geog_1,Brussels,tgn/7007868,,inhabited places,http://vocab.getty.edu/aat/300008347
collapsed_belgian-places-preferred-places-types.csv,78210,BELGIANSALES-78210,pres_loc_geog_1,Brussels,tgn/7007868,,inhabited places,http://vocab.getty.edu/aat/300008347
collapsed_belgian-places-preferred-places-types.csv,78215,BELGIANSALES-78215,pres_loc_geog_1,Brussels,tgn/7007868,,inhabited places,http://vocab.getty.edu/aat/300008347
collapsed_belgian-places-preferred-places-types.csv,78229,BELGIANSALES-78229,pres_loc_geog_1,Brussels,tgn/7007868,,inhabited places,http://vocab.getty.edu/aat/300008347
collapsed_belgian-places-preferred-places-types.csv,78232,BELGIANSALES-78232,pres_loc_geog_1,Brussels,tgn/7007868,,inhabited places,http://vocab.getty.edu/aat/300008347
collapsed_belgian-places-preferred-places-types.csv,78245,BELGIANSALES-78245,pres_loc_geog_1,Brussels,tgn/7007868,,inhabited places,http://vocab.getty.edu/aat/300008347
collapsed_belgian-places-preferred-places-types.csv,78249,BELGIANSALES-78249,pres_loc_geog_1,Brussels,tgn/7007868,,inhabited places,http://vocab.getty.edu/aat/300008347
collapsed_belgian-places-preferred-places-types.csv,78268,BELGIANSALES-78268,pres_loc_geog_1,Brussels,tgn/7007868,,inhabited places,http://vocab.getty.edu/aat/300008347
collapsed_belgian-places-preferred-places-types.csv,78293,BELGIANSALES-78293,pres_loc_geog_1,Brussels,tgn/7007868,,inhabited places,http://vocab.getty.edu/aat/300008347
collapsed_belgian-places-preferred-places-types.csv,78312,BELGIANSALES-78312,pres_loc_geog_1,Los Angeles,tgn/7023900,,inhabited places,http://vocab.getty.edu/aat/300008347
collapsed_belgian-places-preferred-places-types.csv,78314,BELGIANSALES-78314,pres_loc_geog_1,Boston,tgn/7013445,,inhabited places,http://vocab.getty.edu/aat/300008347
collapsed_belgian-places-preferred-places-types.csv,78315,BELGIANSALES-78315,pres_loc_geog_1,Brussels,tgn/7007868,,inhabited places,http://vocab.getty.edu/aat/300008347
collapsed_belgian-places-preferred-places-types.csv,78316,BELGIANSALES-78316,pres_loc_geog_1,London,tgn/7011781,,inhabited places,http://vocab.getty.edu/aat/300008347
collapsed_belgian-places-preferred-places-types.csv,78323,BELGIANSALES-78323,pres_loc_geog_1,Silver Spring,tgn/2048731,,inhabited places,http://vocab.getty.edu/aat/300008347
collapsed_belgian-places-preferred-places-types.csv,78327,BELGIANSALES-78327,pres_loc_geog_1,Paris,tgn/7008038,,inhabited places,http://vocab.getty.edu/aat/300008347
collapsed_belgian-places-preferred-places-types.csv,78328,BELGIANSALES-78328,pres_loc_geog_1,Detroit,tgn/7013547,,inhabited places,http://vocab.getty.edu/aat/300008347
collapsed_belgian-places-preferred-places-types.csv,78329,BELGIANSALES-78329,pres_loc_geog_1,Brussels,tgn/7007868,,inhabited places,http://vocab.getty.edu/aat/300008347
collapsed_belgian-places-preferred-places-types.csv,78330,BELGIANSALES-78330,pres_loc_geog_1,Antwerp,tgn/7007856,,inhabited places,http://vocab.getty.edu/aat/300008347
collapsed_belgian-places-preferred-places-types.csv,78331,BELGIANSALES-78331,pres_loc_geog_1,Brussels,tgn/7007868,,inhabited places,http://vocab.getty.edu/aat/300008347
collapsed_belgian-places-preferred-places-types.csv,78332,BELGIANSALES-78332,pres_loc_geog_1,Brussels,tgn/7007868,,inhabited places,http://vocab.getty.edu/aat/300008347
collapsed_belgian-places-preferred-places-types.csv,78333,BELGIANSALES-78333,pres_loc_geog_1,"Hague, The",tgn/7006810,,inhabited places,http://vocab.getty.edu/aat/300008347
collapsed_belgian-places-preferred-places-types.csv,78334,BELGIANSALES-78334,pres_loc_geog_1,Amsterdam,tgn/7006952,,inhabited places,http://vocab.getty.edu/aat/300008347
collapsed_belgian-places-preferred-places-types.csv,78335,BELGIANSALES-78335,pres_loc_geog_1,London,tgn/7011781,,inhabited places,http://vocab.getty.edu/aat/300008347
collapsed_belgian-places-preferred-places-types.csv,78336,BELGIANSALES-78336,pres_loc_geog_1,London,tgn/7011781,,inhabited places,http://vocab.getty.edu/aat/300008347
collapsed_belgian-places-preferred-places-types.csv,78337,BELGIANSALES-78337,pres_loc_geog_1,Amsterdam,tgn/7006952,,inhabited places,http://vocab.getty.edu/aat/300008347
collapsed_belgian-places-preferred-places-types.csv,78338,BELGIANSALES-78338,pres_loc_geog_1,London,tgn/7011781,,inhabited places,http://vocab.getty.edu/aat/300008347
collapsed_belgian-places-preferred-places-types.csv,78415,BELGIANSALES-78415,pres_loc_geog_1,New York,tgn/7007567,,inhabited places,http://vocab.getty.edu/aat/300008347
collapsed_belgian-places-preferred-places-types.csv,78595,BELGIANSALES-78595,pres_loc_geog_1,Amsterdam,tgn/7006952,,inhabited places,http://vocab.getty.edu/aat/300008347
collapsed_belgian-places-preferred-places-types.csv,78629,BELGIANSALES-78629,pres_loc_geog_1,Oxford,tgn/7011931,,inhabited places,http://vocab.getty.edu/aat/300008347
collapsed_belgian-places-preferred-places-types.csv,78631,BELGIANSALES-78631,pres_loc_geog_1,Oxford,tgn/7011931,,inhabited places,http://vocab.getty.edu/aat/300008347
collapsed_belgian-places-preferred-places-types.csv,78633,BELGIANSALES-78633,pres_loc_geog_1,Oxford,tgn/7011931,,inhabited places,http://vocab.getty.edu/aat/300008347
collapsed_belgian-places-preferred-places-types.csv,78740,BELGIANSALES-78740,pres_loc_geog_1,Philadelphia,tgn/7014406,,inhabited places,http://vocab.getty.edu/aat/300008347
collapsed_belgian-places-preferred-places-types.csv,78743,BELGIANSALES-78743,pres_loc_geog_1,Lier,tgn/7016996,,inhabited places,http://vocab.getty.edu/aat/300008347
collapsed_belgian-places-preferred-places-types.csv,78796,BELGIANSALES-78796,pres_loc_geog_1,Paris,tgn/7008038,,inhabited places,http://vocab.getty.edu/aat/300008347
collapsed_belgian-places-preferred-places-types.csv,79010,BELGIANSALES-79010,pres_loc_geog_1,Nivaa,,tgn/1000066,nations,http://vocab.getty.edu/aat/300128207
collapsed_belgian-places-preferred-places-types.csv,79015,BELGIANSALES-79015,pres_loc_geog_1,London,tgn/7011781,,inhabited places,http://vocab.getty.edu/aat/300008347
collapsed_belgian-places-preferred-places-types.csv,79038,BELGIANSALES-79038,pres_loc_geog_1,Dublin,tgn/7001306,,inhabited places,http://vocab.getty.edu/aat/300008347
collapsed_belgian-places-preferred-places-types.csv,79053,BELGIANSALES-79053,pres_loc_geog_1,Pasadena,tgn/7014389,,inhabited places,http://vocab.getty.edu/aat/300008347
collapsed_belgian-places-preferred-places-types.csv,79071,BELGIANSALES-79071,pres_loc_geog_1,Leipzig,tgn/7012329,,inhabited places,http://vocab.getty.edu/aat/300008347
collapsed_belgian-places-preferred-places-types.csv,79079,BELGIANSALES-79079,pres_loc_geog_1,Brussels,tgn/7007868,,inhabited places,http://vocab.getty.edu/aat/300008347
collapsed_belgian-places-preferred-places-types.csv,79081,BELGIANSALES-79081,pres_loc_geog_1,Munich,tgn/7004333,,inhabited places,http://vocab.getty.edu/aat/300008347
collapsed_belgian-places-preferred-places-types.csv,79091,BELGIANSALES-79091,pres_loc_geog_1,Brussels,tgn/7007868,,inhabited places,http://vocab.getty.edu/aat/300008347
collapsed_belgian-places-preferred-places-types.csv,79104,BELGIANSALES-79104,pres_loc_geog_1,Leipzig,tgn/7012329,,inhabited places,http://vocab.getty.edu/aat/300008347
collapsed_belgian-places-preferred-places-types.csv,79113,BELGIANSALES-79113,pres_loc_geog_1,Paris,tgn/7008038,,inhabited places,http://vocab.getty.edu/aat/300008347
collapsed_belgian-places-preferred-places-types.csv,79116,BELGIANSALES-79116,pres_loc_geog_1,Barnsley,tgn/7010695,,inhabited places,http://vocab.getty.edu/aat/300008347
collapsed_belgian-places-preferred-places-types.csv,79459,BELGIANSALES-79459,pres_loc_geog_1,Colonge,tgn/7004446,,inhabited places,http://vocab.getty.edu/aat/300008347
collapsed_belgian-places-preferred-places-types.csv,80497,BELGIANSALES-80497,pres_loc_geog_1,London,tgn/7011781,,inhabited places,http://vocab.getty.edu/aat/300008347
collapsed_belgian-places-preferred-places-types.csv,80691,BELGIANSALES-80691,pres_loc_geog_1,Antwerp,tgn/7007856,,inhabited places,http://vocab.getty.edu/aat/300008347
collapsed_belgian-places-preferred-places-types.csv,80731,BELGIANSALES-80731,pres_loc_geog_1,London,tgn/7011781,,inhabited places,http://vocab.getty.edu/aat/300008347
collapsed_belgian-places-preferred-places-types.csv,80738,BELGIANSALES-80738,pres_loc_geog_1,Los Angeles,tgn/7023900,,inhabited places,http://vocab.getty.edu/aat/300008347
collapsed_belgian-places-preferred-places-types.csv,80838,BELGIANSALES-80838,pres_loc_geog_1,Monclar-d'Agenais,tgn/7622413,,inhabited places,http://vocab.getty.edu/aat/300008347
collapsed_belgian-places-preferred-places-types.csv,81175,BELGIANSALES-81175,pres_loc_geog_1,London,tgn/7011781,,inhabited places,http://vocab.getty.edu/aat/300008347
collapsed_belgian-places-preferred-places-types.csv,82060,BELGIANSALES-82060,pres_loc_geog_1,London,tgn/7011781,,inhabited places,http://vocab.getty.edu/aat/300008347
collapsed_belgian-places-preferred-places-types.csv,82849,BELGIANSALES-82849,pres_loc_geog_1,London,tgn/7011781,,inhabited places,http://vocab.getty.edu/aat/300008347
collapsed_belgian-places-preferred-places-types.csv,84040,BELGIANSALES-84040,pres_loc_geog_1,"Hague, The",tgn/7006810,,inhabited places,http://vocab.getty.edu/aat/300008347
collapsed_belgian-places-preferred-places-types.csv,84211,BELGIANSALES-84211,pres_loc_geog_1,Nantes,tgn/7008482,,inhabited places,http://vocab.getty.edu/aat/300008347
collapsed_belgian-places-preferred-places-types.csv,85153,BELGIANSALES-85153,pres_loc_geog_1,Liège,tgn/7007945,,inhabited places,http://vocab.getty.edu/aat/300008347
collapsed_belgian-places-preferred-places-types.csv,87825,BELGIANSALES-87825,pres_loc_geog_1,Paris,tgn/7008038,,inhabited places,http://vocab.getty.edu/aat/300008347
collapsed_belgian-places-preferred-places-types.csv,87884,BELGIANSALES-87884,pres_loc_geog_1,Frankfurt am Main,tgn/7005293,,inhabited places,http://vocab.getty.edu/aat/300008347
collapsed_belgian-places-preferred-places-types.csv,88480,BELGIANSALES-88480,pres_loc_geog_1,Louisville,tgn/7013915,,inhabited places,http://vocab.getty.edu/aat/300008347
collapsed_belgian-places-preferred-places-types.csv,89218,BELGIANSALES-89218,pres_loc_geog_1,London,tgn/7011781,,inhabited places,http://vocab.getty.edu/aat/300008347
collapsed_belgian-places-preferred-places-types.csv,89548,BELGIANSALES-89548,pres_loc_geog_1,"Hague, The",tgn/7006810,,inhabited places,http://vocab.getty.edu/aat/300008347
collapsed_belgian-places-preferred-places-types.csv,89567,BELGIANSALES-89567,pres_loc_geog_1,Chicago,tgn/7013596,,inhabited places,http://vocab.getty.edu/aat/300008347
collapsed_belgian-places-preferred-places-types.csv,89630,BELGIANSALES-89630,pres_loc_geog_1,Hanover,tgn/7013260,,inhabited places,http://vocab.getty.edu/aat/300008347
collapsed_belgian-places-preferred-places-types.csv,89631,BELGIANSALES-89631,pres_loc_geog_1,Seattle,tgn/7014494,,inhabited places,http://vocab.getty.edu/aat/300008347
collapsed_belgian-places-preferred-places-types.csv,89696,BELGIANSALES-89696,pres_loc_geog_1,Ghent,tgn/7007887,,inhabited places,http://vocab.getty.edu/aat/300008347
collapsed_belgian-places-preferred-places-types.csv,89697,BELGIANSALES-89697,pres_loc_geog_1,Ghent,tgn/7007887,,inhabited places,http://vocab.getty.edu/aat/300008347
collapsed_belgian-places-preferred-places-types.csv,89699,BELGIANSALES-89699,pres_loc_geog_1,Ghent,tgn/7007887,,inhabited places,http://vocab.getty.edu/aat/300008347
collapsed_belgian-places-preferred-places-types.csv,93957,BELGIANSALES-93957,pres_loc_geog_1,New York,tgn/7007567,,inhabited places,http://vocab.getty.edu/aat/300008347
collapsed_belgian-places-preferred-places-types.csv,96197,BELGIANSALES-96197,pres_loc_geog_1,London,tgn/7011781,,inhabited places,http://vocab.getty.edu/aat/300008347
collapsed_belgian-places-preferred-places-types.csv,99235,BELGIANSALES-99235,pres_loc_geog_1,Oxford,tgn/7011931,,inhabited places,http://vocab.getty.edu/aat/300008347
collapsed_belgian-places-preferred-places-types.csv,99236,BELGIANSALES-99236,pres_loc_geog_1,Oxford,tgn/7011931,,inhabited places,http://vocab.getty.edu/aat/300008347
