File,pi_record_no,persistent_puid,field,place,same as,part of,gvp:placeTypePreferred_label,gvp:placeTypePreferred_aat_term
collapsed-french-places-preferred-places-types.csv,806545,FRENCHSALES-90560,prev_own_auth_L_1,"Vamvres, France. Château",,tgn/1000070,nations,http://vocab.getty.edu/aat/300128207
collapsed-french-places-preferred-places-types.csv,806631,FRENCHSALES-90646,prev_own_auth_L_1,"Vamvres, France. Château",,tgn/1000070,nations,http://vocab.getty.edu/aat/300128207
collapsed-french-places-preferred-places-types.csv,806632,FRENCHSALES-90647,prev_own_auth_L_1,"Vamvres, France. Château",,tgn/1000070,nations,http://vocab.getty.edu/aat/300128207
collapsed-french-places-preferred-places-types.csv,922242,FRENCHSALES-206257,prev_own_auth_L_1,Houghton Hall,,tgn/7008160,counties,http://vocab.getty.edu/aat/300000771
collapsed-french-places-preferred-places-types.csv,811912,FRENCHSALES-95927,post_own_auth_L_2,"Bodnant, Scotland, UK",,tgn/7002444,countries (sovereign states),http://vocab.getty.edu/aat/300387506
collapsed-french-places-preferred-places-types.csv,733225,FRENCHSALES-17240,pres_loc_geog_1,"Upton House, Warwickshire, England, UK",,tgn/7008178,counties,http://vocab.getty.edu/aat/300000771
collapsed-french-places-preferred-places-types.csv,733246,FRENCHSALES-17261,pres_loc_geog_1,"Somerley, Hampshire, England, UK",,tgn/7008139,counties,http://vocab.getty.edu/aat/300000771
collapsed-french-places-preferred-places-types.csv,739642,FRENCHSALES-23657,pres_loc_geog_1,"Ascott, Buckinghamshire, England, UK",,tgn/7008104,counties,http://vocab.getty.edu/aat/300000771
collapsed-french-places-preferred-places-types.csv,745107,FRENCHSALES-29122,pres_loc_geog_1,"Ascott, Buckinghamshire, England, UK",,tgn/7008104,counties,http://vocab.getty.edu/aat/300000771
collapsed-french-places-preferred-places-types.csv,753785,FRENCHSALES-37800,pres_loc_geog_1,"Knightshayes Court, Devon, England, UK",,tgn/7012077,counties,http://vocab.getty.edu/aat/300000771
collapsed-french-places-preferred-places-types.csv,753786,FRENCHSALES-37801,pres_loc_geog_1,"Knightshayes Court, Devon, England, UK",,tgn/7012077,counties,http://vocab.getty.edu/aat/300000771
collapsed-french-places-preferred-places-types.csv,768773,FRENCHSALES-52788,pres_loc_geog_1,"Upton House, Warwickshire, England, UK",,tgn/7008178,counties,http://vocab.getty.edu/aat/300000771
collapsed-french-places-preferred-places-types.csv,772255,FRENCHSALES-56270,pres_loc_geog_1,"Upton House, Warwickshire, England, UK",,tgn/7008178,counties,http://vocab.getty.edu/aat/300000771
collapsed-french-places-preferred-places-types.csv,773264,FRENCHSALES-57279,pres_loc_geog_1,"Anglesey Abbey, Cambridgeshire, England, UK",,tgn/7011980,counties,http://vocab.getty.edu/aat/300000771
collapsed-french-places-preferred-places-types.csv,794432,FRENCHSALES-78447,pres_loc_geog_1,"Darlington, Durham, England, UK",,tgn/7008127,counties,http://vocab.getty.edu/aat/300000771
collapsed-french-places-preferred-places-types.csv,802864,FRENCHSALES-86879,pres_loc_geog_1,"Somerley, Hampshire, England, UK",,tgn/7008139,counties,http://vocab.getty.edu/aat/300000771
collapsed-french-places-preferred-places-types.csv,805436,FRENCHSALES-89451,pres_loc_geog_1,"Upton House, Warwickshire, England, UK",,tgn/7008178,counties,http://vocab.getty.edu/aat/300000771
collapsed-french-places-preferred-places-types.csv,805496,FRENCHSALES-89511,pres_loc_geog_1,"Somerley, Hampshire, England, UK",,tgn/7008139,counties,http://vocab.getty.edu/aat/300000771
collapsed-french-places-preferred-places-types.csv,807731,FRENCHSALES-91746,pres_loc_geog_1,"Waddesdon Manor, Buckinghamshire, England, UK",,tgn/7008104,counties,http://vocab.getty.edu/aat/300000771
collapsed-french-places-preferred-places-types.csv,822543,FRENCHSALES-106558,pres_loc_geog_1,"Ascott, Buckinghamshire, England, UK",,tgn/7008104,counties,http://vocab.getty.edu/aat/300000771
collapsed-french-places-preferred-places-types.csv,837225,FRENCHSALES-121240,pres_loc_geog_1,"Althorp House, Norts, England, UK",,tgn/7012031,counties,http://vocab.getty.edu/aat/300000771
collapsed-french-places-preferred-places-types.csv,846202,FRENCHSALES-130217,pres_loc_geog_1,"Ascott, Buckinghamshire, England, UK",,tgn/7008104,counties,http://vocab.getty.edu/aat/300000771
collapsed-french-places-preferred-places-types.csv,880529,FRENCHSALES-164544,pres_loc_geog_1,"Anglesey Abbey, Cambridgeshire, England, UK",,tgn/7011980,counties,http://vocab.getty.edu/aat/300000771
collapsed-french-places-preferred-places-types.csv,909497,FRENCHSALES-193512,pres_loc_geog_1,"Ascott, Buckinghamshire, England, UK",,tgn/7008104,counties,http://vocab.getty.edu/aat/300000771
collapsed-french-places-preferred-places-types.csv,914098,FRENCHSALES-198113,pres_loc_geog_1,"Upton House, Warwickshire, England, UK",,tgn/7008178,counties,http://vocab.getty.edu/aat/300000771
collapsed-french-places-preferred-places-types.csv,922075,FRENCHSALES-206090,pres_loc_geog_1,"Knightshayes Court, Devon, England, UK",,tgn/7012077,counties,http://vocab.getty.edu/aat/300000771
collapsed-french-places-preferred-places-types.csv,936086,FRENCHSALES-220101,pres_loc_geog_1,"Upton House, Warwickshire, England, UK",,tgn/7008178,counties,http://vocab.getty.edu/aat/300000771
collapsed-french-places-preferred-places-types.csv,936192,FRENCHSALES-220207,pres_loc_geog_1,"Knightshayes Court, Devon, England, UK",,tgn/7012077,counties,http://vocab.getty.edu/aat/300000771
