File,pi_record_no,persistent_puid,field,place,same as,gvp:placeTypePreferred_label,gvp:placeTypePreferred_aat_term
collapsed_Scandi-places-preferred-places-types.csv,987289,SCANDISALES-369,pres_loc_geog_1,"Glasgow, Scotland, UK",tgn/7017283,inhabited places,http://vocab.getty.edu/aat/300008347
collapsed_Scandi-places-preferred-places-types.csv,987291,SCANDISALES-371,pres_loc_geog_1,"Oslo, Norway",tgn/7009573,inhabited places,http://vocab.getty.edu/aat/300008347
collapsed_Scandi-places-preferred-places-types.csv,988161,SCANDISALES-1241,pres_loc_geog_1,"Copenhagen, Denmark",tgn/7003474,inhabited places,http://vocab.getty.edu/aat/300008347
collapsed_Scandi-places-preferred-places-types.csv,988171,SCANDISALES-1251,pres_loc_geog_1,"Oslo, Norway",tgn/7009573,inhabited places,http://vocab.getty.edu/aat/300008347
collapsed_Scandi-places-preferred-places-types.csv,988929,SCANDISALES-2009,pres_loc_geog_1,"Prague, Czech Republic",tgn/7006464,inhabited places,http://vocab.getty.edu/aat/300008347
collapsed_Scandi-places-preferred-places-types.csv,988930,SCANDISALES-2010,pres_loc_geog_1,"Prague, Czech Republic",tgn/7006464,inhabited places,http://vocab.getty.edu/aat/300008347
collapsed_Scandi-places-preferred-places-types.csv,988961,SCANDISALES-2041,pres_loc_geog_1,"Copenhagen, Denmark",tgn/7003474,inhabited places,http://vocab.getty.edu/aat/300008347
collapsed_Scandi-places-preferred-places-types.csv,989059,SCANDISALES-2139,pres_loc_geog_1,"Oslo, Norway",tgn/7009573,inhabited places,http://vocab.getty.edu/aat/300008347
collapsed_Scandi-places-preferred-places-types.csv,990547,SCANDISALES-3627,pres_loc_geog_1,"Oslo, Norway",tgn/7009573,inhabited places,http://vocab.getty.edu/aat/300008347
collapsed_Scandi-places-preferred-places-types.csv,990984,SCANDISALES-4064,pres_loc_geog_1,"Copenhagen, Denmark",tgn/7003474,inhabited places,http://vocab.getty.edu/aat/300008347
collapsed_Scandi-places-preferred-places-types.csv,991182,SCANDISALES-4262,pres_loc_geog_1,"Oslo, Norway",tgn/7009573,inhabited places,http://vocab.getty.edu/aat/300008347
collapsed_Scandi-places-preferred-places-types.csv,991334,SCANDISALES-4414,pres_loc_geog_1,"Oslo, Norway",tgn/7009573,inhabited places,http://vocab.getty.edu/aat/300008347
collapsed_Scandi-places-preferred-places-types.csv,991529,SCANDISALES-4609,pres_loc_geog_1,"Oslo, Norway",tgn/7009573,inhabited places,http://vocab.getty.edu/aat/300008347
collapsed_Scandi-places-preferred-places-types.csv,991930,SCANDISALES-5010,pres_loc_geog_1,"Chicago, IL, USA",tgn/7013596,inhabited places,http://vocab.getty.edu/aat/300008347
collapsed_Scandi-places-preferred-places-types.csv,992842,SCANDISALES-5922,pres_loc_geog_1,"Copenhagen, Denmark",tgn/7003474,inhabited places,http://vocab.getty.edu/aat/300008347
collapsed_Scandi-places-preferred-places-types.csv,994019,SCANDISALES-7099,pres_loc_geog_1,"Madrid, Spain",tgn/7010413,inhabited places,http://vocab.getty.edu/aat/300008347
collapsed_Scandi-places-preferred-places-types.csv,994082,SCANDISALES-7162,pres_loc_geog_1,"Oslo, Norway",tgn/7009573,inhabited places,http://vocab.getty.edu/aat/300008347
collapsed_Scandi-places-preferred-places-types.csv,994355,SCANDISALES-7435,pres_loc_geog_1,"Stockholm, Sweden",tgn/7009861,inhabited places,http://vocab.getty.edu/aat/300008347
